Modelo,CE,KL,JS,Aitchison,MAE_nodo,RMSE_nodo,Error_cierre_max,N_test,seed,Aitchison_activos,N_nodos_activos
Persistencia,3.0562440941229676,0.26393804985013597,0.051145818612689055,2.7778904840172887,0.0009685200747843656,0.008657758098018586,4.440892098500626e-16,2016,11,2.8721510142815867,440.0
GAT 100% libre,2.975266898647131,0.18296085437429951,0.039170101393266106,4.565202323359831,0.0008448754733177324,0.007275223440482443,4.440892098500626e-16,2016,11,3.311242818980912,440.0
GAT NPP solo aristas,2.9741967285691766,0.18189068429634497,0.038939841462174406,4.579998175916332,0.0008424945477488536,0.007275032123371794,4.440892098500626e-16,2016,11,3.313098979815748,440.0
GAT + NPP,2.9742333129256853,0.18192726865285402,0.03890894168283719,4.611264713831837,0.0008417275746344042,0.007263435790837002,4.440892098500626e-16,2016,11,3.3000195449032756,440.0
Persistencia,3.0562440941229676,0.26393804985013597,0.051145818612689055,2.7778904840172887,0.0009685200747843656,0.008657758098018586,4.440892098500626e-16,2016,23,2.8721510142815867,440.0
GAT 100% libre,2.9751678108540185,0.18286176658118714,0.0393173346572717,4.6012551961438986,0.0008469409858314394,0.007270219325652606,4.440892098500626e-16,2016,23,3.3055628898142593,440.0
GAT NPP solo aristas,2.9742425304507467,0.18193648617791588,0.038932084778702004,4.571628101892071,0.0008427315297398791,0.007272268699052341,4.440892098500626e-16,2016,23,3.2793458506776934,440.0
GAT + NPP,2.97386605001791,0.18156000574507897,0.03899223247863088,4.661761253463543,0.000842359175978747,0.007254856178790051,4.440892098500626e-16,2016,23,3.308867919262676,440.0
Persistencia,3.0562440941229676,0.26393804985013597,0.051145818612689055,2.7778904840172887,0.0009685200747843656,0.008657758098018586,4.440892098500626e-16,2016,42,2.8721510142815867,440.0
GAT 100% libre,2.975773893090756,0.1834678488179247,0.03912097851759955,4.579041320944419,0.0008450528832193574,0.0072884079054639835,3.3306690738754696e-16,2016,42,3.308062376718449,440.0
GAT NPP solo aristas,2.9756356431073554,0.18332959883452452,0.039105125738391804,4.662778196804912,0.0008434869698521239,0.007282511142438329,4.440892098500626e-16,2016,42,3.3264053678893744,440.0
GAT + NPP,2.9740961080282204,0.18179006375538964,0.03899204391606074,4.673168679887998,0.0008426163945387701,0.007267059069254059,4.440892098500626e-16,2016,42,3.320893340451956,440.0
Persistencia,3.0562440941229676,0.26393804985013597,0.051145818612689055,2.7778904840172887,0.0009685200747843656,0.008657758098018586,4.440892098500626e-16,2016,67,2.8721510142815867,440.0
GAT 100% libre,2.9755100659738565,0.18320402170102534,0.039035874129525576,4.566510806038463,0.000843595108853766,0.0072772169638286215,4.440892098500626e-16,2016,67,3.3008484033784797,440.0
GAT NPP solo aristas,2.9749262094101407,0.18262016513730947,0.03893227285739389,4.570409637867696,0.0008420685210496418,0.007280452728464233,4.440892098500626e-16,2016,67,3.2965446182661777,440.0
GAT + NPP,2.9747655321126785,0.18245948783984695,0.038981578117736476,4.670277706004936,0.0008434995313215347,0.007297121352207258,4.440892098500626e-16,2016,67,3.336459468243357,440.0
Persistencia,3.0562440941229676,0.26393804985013597,0.051145818612689055,2.7778904840172887,0.0009685200747843656,0.008657758098018586,4.440892098500626e-16,2016,101,2.8721510142815867,440.0
GAT 100% libre,2.9762560814907393,0.18395003721790845,0.03917712113342701,4.614824705627273,0.0008441617230376547,0.007288840933773751,4.440892098500626e-16,2016,101,3.319077910917629,440.0
GAT NPP solo aristas,2.9752845428704537,0.1829784985976228,0.03892546604646173,4.6343438799374645,0.0008423196197190557,0.007294799459311464,4.440892098500626e-16,2016,101,3.315824690531108,440.0
GAT + NPP,2.974221733161418,0.18191568888858706,0.03894766743842435,4.637293976368642,0.0008422576445109348,0.00727041068924663,4.440892098500626e-16,2016,101,3.3114390231312374,440.0
Persistencia,3.0562440941229676,0.26393804985013597,0.051145818612689055,2.7778904840172887,0.0009685200747843656,0.008657758098018586,4.440892098500626e-16,2016,137,2.8721510142815867,440.0
GAT 100% libre,2.975943269505037,0.18363722523220596,0.03901987426450393,4.632298013427328,0.0008427469216634077,0.007259478353460547,4.440892098500626e-16,2016,137,3.3206023082843883,440.0
GAT NPP solo aristas,2.974844644854923,0.18253860058209126,0.03880686285072891,4.623639727980684,0.0008398013603203359,0.007255704446978272,4.440892098500626e-16,2016,137,3.3059093924145135,440.0
GAT + NPP,2.974668228072368,0.18236218379953675,0.03898172130953325,4.688675398625885,0.0008429660608886126,0.007274689993920037,4.440892098500626e-16,2016,137,3.3147363019672103,440.0
Persistencia,3.0562440941229676,0.26393804985013597,0.051145818612689055,2.7778904840172887,0.0009685200747843656,0.008657758098018586,4.440892098500626e-16,2016,211,2.8721510142815867,440.0
GAT 100% libre,2.9753964675392957,0.1830904232664644,0.0389981009512574,4.547688587370109,0.0008440753036561037,0.007261141287335901,4.440892098500626e-16,2016,211,3.298268023581906,440.0
GAT NPP solo aristas,2.9750036186470905,0.18269757437425915,0.0388147449754674,4.564632890009751,0.000841725338545873,0.0072776837910796645,4.440892098500626e-16,2016,211,3.3087036281756896,440.0
GAT + NPP,2.973702380315169,0.18139633604233815,0.038897328238632345,4.660636258080212,0.0008432584038058647,0.007255877374889732,4.440892098500626e-16,2016,211,3.3227922970148795,440.0
Persistencia,3.0562440941229676,0.26393804985013597,0.051145818612689055,2.7778904840172887,0.0009685200747843656,0.008657758098018586,4.440892098500626e-16,2016,307,2.8721510142815867,440.0
GAT 100% libre,2.9752509856751423,0.18294494140231143,0.039079779069123445,4.626292246013934,0.0008444707291753229,0.007267318185435541,4.440892098500626e-16,2016,307,3.301044892943631,440.0
GAT NPP solo aristas,2.974170105925861,0.18186406165303015,0.03898683110627244,4.580318357273591,0.0008424424164528314,0.007264544999678539,4.440892098500626e-16,2016,307,3.290103313735295,440.0
GAT + NPP,2.9739649842234743,0.18165893995064325,0.039053032557448346,4.670632328508191,0.0008437765040080837,0.007259075434351168,4.440892098500626e-16,2016,307,3.3271128502098235,440.0
Persistencia,3.0562440941229676,0.26393804985013597,0.051145818612689055,2.7778904840172887,0.0009685200747843656,0.008657758098018586,4.440892098500626e-16,2016,401,2.8721510142815867,440.0
GAT 100% libre,2.9760946815460234,0.18378863727319222,0.03908913958325596,4.565148471958236,0.0008430807637354653,0.007285702077880627,4.440892098500626e-16,2016,401,3.3004082012815763,440.0
GAT NPP solo aristas,2.974994857166197,0.18268881289336594,0.03886998390810432,4.590950045701498,0.0008407525393383903,0.0072789784461864465,3.3306690738754696e-16,2016,401,3.2948889365332636,440.0
GAT + NPP,2.974599452924397,0.18229340865156632,0.03897775231301963,4.623847638059851,0.000842296261655106,0.007269086348126155,4.440892098500626e-16,2016,401,3.2993892658588853,440.0
Persistencia,3.0562440941229676,0.26393804985013597,0.051145818612689055,2.7778904840172887,0.0009685200747843656,0.008657758098018586,4.440892098500626e-16,2016,503,2.8721510142815867,440.0
GAT 100% libre,2.9752563374317877,0.18295029315895628,0.0390135132071718,4.583432379847533,0.0008434509652659806,0.007265316687946811,3.3306690738754696e-16,2016,503,3.311909159448264,440.0
GAT NPP solo aristas,2.9750727827102903,0.1827667384374595,0.038802947165943895,4.652901384068158,0.0008405326550081226,0.0072807982698952,4.440892098500626e-16,2016,503,3.3185461791802107,440.0
GAT + NPP,2.974777178609874,0.18247113433704276,0.038992221095480534,4.678623466779584,0.0008428280292015303,0.0072967276794119835,4.440892098500626e-16,2016,503,3.3236606793345667,440.0
