experiment,model,feature_set,feature,target,sample,n,pearson,spearman,mutual_information,horizon,lag,is_predictive
G_future_volatility_scan,nonparametric_dependency,dBTC_y_lag_0,dBTC_y_lag_0,future_rms_h1,development_train,18251,0.009469984284683174,0.004267845214125146,0.0,1,0,True
G_future_volatility_scan,nonparametric_dependency,dBTC_y_lag_1,dBTC_y_lag_1,future_rms_h1,development_train,18250,0.0061196825374617405,0.008956452274105095,0.0,1,1,True
G_future_volatility_scan,nonparametric_dependency,dBTC_y_lag_2,dBTC_y_lag_2,future_rms_h1,development_train,18249,0.00405292217873662,0.0048506615573338805,0.0034252253211652928,1,2,True
G_future_volatility_scan,nonparametric_dependency,dBTC_y_lag_3,dBTC_y_lag_3,future_rms_h1,development_train,18248,0.0019840626383511896,0.010099800607979983,0.0077051608462488375,1,3,True
G_future_volatility_scan,nonparametric_dependency,dBTC_y_lag_4,dBTC_y_lag_4,future_rms_h1,development_train,18247,0.0025602913534957523,0.009791128069417225,0.0038150220789106015,1,4,True
G_future_volatility_scan,nonparametric_dependency,dBTC_y_lag_5,dBTC_y_lag_5,future_rms_h1,development_train,18246,0.003136633008736812,0.013379392565322825,0.0,1,5,True
G_future_volatility_scan,nonparametric_dependency,dBTC_y_lag_6,dBTC_y_lag_6,future_rms_h1,development_train,18245,0.005552031904573143,8.856544949480575e-05,0.0,1,6,True
G_future_volatility_scan,nonparametric_dependency,dBTC_y_lag_7,dBTC_y_lag_7,future_rms_h1,development_train,18244,0.009097824201581981,0.009299488179247688,0.0,1,7,True
G_future_volatility_scan,nonparametric_dependency,dBTC_y_lag_8,dBTC_y_lag_8,future_rms_h1,development_train,18243,0.004088832298286997,-0.0003659055584866225,0.0,1,8,True
G_future_volatility_scan,nonparametric_dependency,dBTC_y_lag_9,dBTC_y_lag_9,future_rms_h1,development_train,18242,0.00581533883005691,0.001207920810528487,0.001797254356275424,1,9,True
G_future_volatility_scan,nonparametric_dependency,dBTC_y_lag_10,dBTC_y_lag_10,future_rms_h1,development_train,18241,-0.005622551331857243,0.0052437989852730515,0.0026738863460966655,1,10,True
G_future_volatility_scan,nonparametric_dependency,dBTC_y_lag_11,dBTC_y_lag_11,future_rms_h1,development_train,18240,0.008611432400117315,0.01367014170838922,0.0016750958609819122,1,11,True
G_future_volatility_scan,nonparametric_dependency,dBTC_y_lag_12,dBTC_y_lag_12,future_rms_h1,development_train,18239,-0.011387922290784088,-0.009220843727529612,0.000988243535387845,1,12,True
G_future_volatility_scan,nonparametric_dependency,dBTC_y_lag_13,dBTC_y_lag_13,future_rms_h1,development_train,18238,0.008762041805198623,0.0051261846897888794,0.0,1,13,True
G_future_volatility_scan,nonparametric_dependency,dBTC_y_lag_14,dBTC_y_lag_14,future_rms_h1,development_train,18237,-0.00015142584574630094,0.0038165641251160995,0.006541534188979625,1,14,True
G_future_volatility_scan,nonparametric_dependency,dBTC_y_lag_15,dBTC_y_lag_15,future_rms_h1,development_train,18236,0.008152855714703538,0.014833949319392487,0.0010893118278447744,1,15,True
G_future_volatility_scan,nonparametric_dependency,dBTC_y_lag_16,dBTC_y_lag_16,future_rms_h1,development_train,18235,0.002038157200072641,0.0017520458938939934,0.004726225884637003,1,16,True
G_future_volatility_scan,nonparametric_dependency,dBTC_y_lag_17,dBTC_y_lag_17,future_rms_h1,development_train,18234,-0.006203135827283492,0.003273370022676042,0.0018316949532666271,1,17,True
G_future_volatility_scan,nonparametric_dependency,dBTC_y_lag_18,dBTC_y_lag_18,future_rms_h1,development_train,18233,0.009569393567264425,0.0052302315338719355,0.0,1,18,True
G_future_volatility_scan,nonparametric_dependency,dBTC_y_lag_19,dBTC_y_lag_19,future_rms_h1,development_train,18232,0.001995279340653443,-0.005157278363097551,0.0,1,19,True
G_future_volatility_scan,nonparametric_dependency,dBTC_y_lag_20,dBTC_y_lag_20,future_rms_h1,development_train,18231,0.002819911989018934,0.0037888994438779115,0.0,1,20,True
G_future_volatility_scan,nonparametric_dependency,dBTC_y_lag_0,dBTC_y_lag_0,future_rms_h2,development_train,18251,0.009504547283112157,0.006242054348687706,0.006793238090219589,2,0,True
G_future_volatility_scan,nonparametric_dependency,dBTC_y_lag_1,dBTC_y_lag_1,future_rms_h2,development_train,18250,0.006876594604505666,0.010422441246237132,0.0,2,1,True
G_future_volatility_scan,nonparametric_dependency,dBTC_y_lag_2,dBTC_y_lag_2,future_rms_h2,development_train,18249,0.0041406403081033424,0.01116781233740375,0.002926656654357984,2,2,True
G_future_volatility_scan,nonparametric_dependency,dBTC_y_lag_3,dBTC_y_lag_3,future_rms_h2,development_train,18248,0.0027934774188885497,0.01268111611704935,0.0036861146862943173,2,3,True
G_future_volatility_scan,nonparametric_dependency,dBTC_y_lag_4,dBTC_y_lag_4,future_rms_h2,development_train,18247,0.002392042857549134,0.010290590760914486,0.0,2,4,True
G_future_volatility_scan,nonparametric_dependency,dBTC_y_lag_5,dBTC_y_lag_5,future_rms_h2,development_train,18246,0.005455125356144302,0.008274988121847378,0.0,2,5,True
G_future_volatility_scan,nonparametric_dependency,dBTC_y_lag_6,dBTC_y_lag_6,future_rms_h2,development_train,18245,0.009049549557077893,0.009747150050033796,0.0077876358309003635,2,6,True
G_future_volatility_scan,nonparametric_dependency,dBTC_y_lag_7,dBTC_y_lag_7,future_rms_h2,development_train,18244,0.008196124126560888,0.006449302813989502,0.0,2,7,True
G_future_volatility_scan,nonparametric_dependency,dBTC_y_lag_8,dBTC_y_lag_8,future_rms_h2,development_train,18243,0.006287786862148469,0.001240848967926459,0.002588802829158965,2,8,True
G_future_volatility_scan,nonparametric_dependency,dBTC_y_lag_9,dBTC_y_lag_9,future_rms_h2,development_train,18242,-0.0008897545846181613,0.0018927184964866628,0.0,2,9,True
G_future_volatility_scan,nonparametric_dependency,dBTC_y_lag_10,dBTC_y_lag_10,future_rms_h2,development_train,18241,0.0029468519393363716,0.012915635128110337,0.0,2,10,True
G_future_volatility_scan,nonparametric_dependency,dBTC_y_lag_11,dBTC_y_lag_11,future_rms_h2,development_train,18240,-0.002382763317423489,0.004493701159910452,0.0,2,11,True
G_future_volatility_scan,nonparametric_dependency,dBTC_y_lag_12,dBTC_y_lag_12,future_rms_h2,development_train,18239,-0.0010762071436640442,-0.0030161368786608303,0.0,2,12,True
G_future_volatility_scan,nonparametric_dependency,dBTC_y_lag_13,dBTC_y_lag_13,future_rms_h2,development_train,18238,0.005391250746233489,0.005881666695741804,0.01000021071458157,2,13,True
G_future_volatility_scan,nonparametric_dependency,dBTC_y_lag_14,dBTC_y_lag_14,future_rms_h2,development_train,18237,0.004767442658636078,0.010176163505583747,0.0,2,14,True
G_future_volatility_scan,nonparametric_dependency,dBTC_y_lag_15,dBTC_y_lag_15,future_rms_h2,development_train,18236,0.0053279627835331545,0.01308005093644187,0.0,2,15,True
G_future_volatility_scan,nonparametric_dependency,dBTC_y_lag_16,dBTC_y_lag_16,future_rms_h2,development_train,18235,-0.001572773818300601,0.0014665020624990215,0.00549944234612898,2,16,True
G_future_volatility_scan,nonparametric_dependency,dBTC_y_lag_17,dBTC_y_lag_17,future_rms_h2,development_train,18234,0.001062550868328663,0.0036134833137724713,0.0042478337119771226,2,17,True
G_future_volatility_scan,nonparametric_dependency,dBTC_y_lag_18,dBTC_y_lag_18,future_rms_h2,development_train,18233,0.008656500900580276,0.0012730346295461,0.0012280948069554043,2,18,True
G_future_volatility_scan,nonparametric_dependency,dBTC_y_lag_19,dBTC_y_lag_19,future_rms_h2,development_train,18232,0.0019594203106237254,0.00040252620223616537,0.0,2,19,True
G_future_volatility_scan,nonparametric_dependency,dBTC_y_lag_20,dBTC_y_lag_20,future_rms_h2,development_train,18231,0.006445021040559238,0.005719120976106082,0.00898658745253833,2,20,True
G_future_volatility_scan,nonparametric_dependency,dBTC_y_lag_0,dBTC_y_lag_0,future_rms_h3,development_train,18251,0.009710403162570843,0.010950498936913704,0.005249574026760406,3,0,True
G_future_volatility_scan,nonparametric_dependency,dBTC_y_lag_1,dBTC_y_lag_1,future_rms_h3,development_train,18250,0.00546900773343023,0.011534710323276853,0.000962541911467163,3,1,True
G_future_volatility_scan,nonparametric_dependency,dBTC_y_lag_2,dBTC_y_lag_2,future_rms_h3,development_train,18249,0.003718767084765014,0.012352129497957363,0.0036625178104641165,3,2,True
G_future_volatility_scan,nonparametric_dependency,dBTC_y_lag_3,dBTC_y_lag_3,future_rms_h3,development_train,18248,0.0027044943522895972,0.012238104577251096,0.0008619627271677643,3,3,True
G_future_volatility_scan,nonparametric_dependency,dBTC_y_lag_4,dBTC_y_lag_4,future_rms_h3,development_train,18247,0.004237129034492486,0.008603303657009708,0.0,3,4,True
G_future_volatility_scan,nonparametric_dependency,dBTC_y_lag_5,dBTC_y_lag_5,future_rms_h3,development_train,18246,0.007909268931664036,0.011105130743897764,0.0032422233586872906,3,5,True
G_future_volatility_scan,nonparametric_dependency,dBTC_y_lag_6,dBTC_y_lag_6,future_rms_h3,development_train,18245,0.00919531348826824,0.008606687586387848,0.0046830175584524625,3,6,True
G_future_volatility_scan,nonparametric_dependency,dBTC_y_lag_7,dBTC_y_lag_7,future_rms_h3,development_train,18244,0.009047076547222054,0.006873141702358883,0.0,3,7,True
G_future_volatility_scan,nonparametric_dependency,dBTC_y_lag_8,dBTC_y_lag_8,future_rms_h3,development_train,18243,0.0006927709852765499,0.0013959024449959508,0.0,3,8,True
G_future_volatility_scan,nonparametric_dependency,dBTC_y_lag_9,dBTC_y_lag_9,future_rms_h3,development_train,18242,0.005231873369490767,0.010248267351831594,0.0008469553019736509,3,9,True
G_future_volatility_scan,nonparametric_dependency,dBTC_y_lag_10,dBTC_y_lag_10,future_rms_h3,development_train,18241,-0.00371652498333533,0.007977346697116092,0.010203683827590737,3,10,True
G_future_volatility_scan,nonparametric_dependency,dBTC_y_lag_11,dBTC_y_lag_11,future_rms_h3,development_train,18240,0.00253628719395216,0.0031203865431682545,0.0,3,11,True
G_future_volatility_scan,nonparametric_dependency,dBTC_y_lag_12,dBTC_y_lag_12,future_rms_h3,development_train,18239,-0.0016595812060447902,-0.0006417717354698937,0.0035997646471210842,3,12,True
G_future_volatility_scan,nonparametric_dependency,dBTC_y_lag_13,dBTC_y_lag_13,future_rms_h3,development_train,18238,0.0070966357762872285,0.009428699915782289,0.0062005440520724875,3,13,True
G_future_volatility_scan,nonparametric_dependency,dBTC_y_lag_14,dBTC_y_lag_14,future_rms_h3,development_train,18237,0.0038082480481841743,0.009956724423660654,0.0009615833006346719,3,14,True
G_future_volatility_scan,nonparametric_dependency,dBTC_y_lag_15,dBTC_y_lag_15,future_rms_h3,development_train,18236,0.0013019076532478208,0.009885151512768073,0.002370854591821292,3,15,True
G_future_volatility_scan,nonparametric_dependency,dBTC_y_lag_16,dBTC_y_lag_16,future_rms_h3,development_train,18235,0.00306581211128932,0.005265041666949952,0.0007435593661044848,3,16,True
G_future_volatility_scan,nonparametric_dependency,dBTC_y_lag_17,dBTC_y_lag_17,future_rms_h3,development_train,18234,0.0027096025196651774,0.0013781114353357878,0.0,3,17,True
G_future_volatility_scan,nonparametric_dependency,dBTC_y_lag_18,dBTC_y_lag_18,future_rms_h3,development_train,18233,0.0061274035253507456,0.0010939052276012031,0.0,3,18,True
G_future_volatility_scan,nonparametric_dependency,dBTC_y_lag_19,dBTC_y_lag_19,future_rms_h3,development_train,18232,0.006835592657050847,0.00569318094758667,0.008100323321573732,3,19,True
G_future_volatility_scan,nonparametric_dependency,dBTC_y_lag_20,dBTC_y_lag_20,future_rms_h3,development_train,18231,0.005678474815346765,0.010419098171319488,0.004011110626611192,3,20,True
G_future_volatility_scan,nonparametric_dependency,dBTC_y_lag_0,dBTC_y_lag_0,future_rms_h6,development_train,18251,0.0060918591924591994,0.010446065977982777,0.0,6,0,True
G_future_volatility_scan,nonparametric_dependency,dBTC_y_lag_1,dBTC_y_lag_1,future_rms_h6,development_train,18250,0.005832966711742543,0.011830043953534434,0.006342876160105426,6,1,True
G_future_volatility_scan,nonparametric_dependency,dBTC_y_lag_2,dBTC_y_lag_2,future_rms_h6,development_train,18249,0.006292214534708697,0.012981404626998042,0.0055471476530053465,6,2,True
G_future_volatility_scan,nonparametric_dependency,dBTC_y_lag_3,dBTC_y_lag_3,future_rms_h6,development_train,18248,0.0060973229207478274,0.010635206773491038,0.0,6,3,True
G_future_volatility_scan,nonparametric_dependency,dBTC_y_lag_4,dBTC_y_lag_4,future_rms_h6,development_train,18247,0.008700761610339348,0.010084500144003814,0.008553443867680421,6,4,True
G_future_volatility_scan,nonparametric_dependency,dBTC_y_lag_5,dBTC_y_lag_5,future_rms_h6,development_train,18246,0.005441378991073028,0.007643645185012272,0.0010391742930258019,6,5,True
G_future_volatility_scan,nonparametric_dependency,dBTC_y_lag_6,dBTC_y_lag_6,future_rms_h6,development_train,18245,0.00773389011617417,0.011375355728439519,0.0,6,6,True
G_future_volatility_scan,nonparametric_dependency,dBTC_y_lag_7,dBTC_y_lag_7,future_rms_h6,development_train,18244,0.0017192509087619178,0.005956989601392618,0.0011644749701194002,6,7,True
G_future_volatility_scan,nonparametric_dependency,dBTC_y_lag_8,dBTC_y_lag_8,future_rms_h6,development_train,18243,0.0032963065470145003,0.00555600779193368,0.005572021054440768,6,8,True
G_future_volatility_scan,nonparametric_dependency,dBTC_y_lag_9,dBTC_y_lag_9,future_rms_h6,development_train,18242,0.0014644498959587647,0.005447576829190145,0.002424773480871778,6,9,True
G_future_volatility_scan,nonparametric_dependency,dBTC_y_lag_10,dBTC_y_lag_10,future_rms_h6,development_train,18241,0.0017773686990376922,0.009868044233405631,0.005496150719489279,6,10,True
G_future_volatility_scan,nonparametric_dependency,dBTC_y_lag_11,dBTC_y_lag_11,future_rms_h6,development_train,18240,0.003045741076660642,0.007429268116910589,0.003755523217487955,6,11,True
G_future_volatility_scan,nonparametric_dependency,dBTC_y_lag_12,dBTC_y_lag_12,future_rms_h6,development_train,18239,-0.001303690710338065,0.004934151910864882,0.0003094806009302786,6,12,True
G_future_volatility_scan,nonparametric_dependency,dBTC_y_lag_13,dBTC_y_lag_13,future_rms_h6,development_train,18238,0.005479859122951448,0.00961088711263096,0.0,6,13,True
G_future_volatility_scan,nonparametric_dependency,dBTC_y_lag_14,dBTC_y_lag_14,future_rms_h6,development_train,18237,0.004731168174467701,0.008627135427717252,0.0029765313511926905,6,14,True
G_future_volatility_scan,nonparametric_dependency,dBTC_y_lag_15,dBTC_y_lag_15,future_rms_h6,development_train,18236,0.004173049480541902,0.006161323618126741,0.0,6,15,True
G_future_volatility_scan,nonparametric_dependency,dBTC_y_lag_16,dBTC_y_lag_16,future_rms_h6,development_train,18235,0.005808267700481412,0.006078303234049594,0.002759349760764529,6,16,True
G_future_volatility_scan,nonparametric_dependency,dBTC_y_lag_17,dBTC_y_lag_17,future_rms_h6,development_train,18234,0.004665002857040724,0.007093860254681139,0.005287871189572968,6,17,True
G_future_volatility_scan,nonparametric_dependency,dBTC_y_lag_18,dBTC_y_lag_18,future_rms_h6,development_train,18233,0.006505134762015041,0.008096380604665027,0.0,6,18,True
G_future_volatility_scan,nonparametric_dependency,dBTC_y_lag_19,dBTC_y_lag_19,future_rms_h6,development_train,18232,0.004724113415261708,0.009094534125316758,0.0,6,19,True
G_future_volatility_scan,nonparametric_dependency,dBTC_y_lag_20,dBTC_y_lag_20,future_rms_h6,development_train,18231,0.004659313099227894,0.009652717989820491,0.004007369510292236,6,20,True
G_future_volatility_scan,nonparametric_dependency,dBTC_y_lag_0,dBTC_y_lag_0,future_rms_h12,development_train,18251,0.007766871848183011,0.011338399148386687,0.0004855132452545874,12,0,True
G_future_volatility_scan,nonparametric_dependency,dBTC_y_lag_1,dBTC_y_lag_1,future_rms_h12,development_train,18250,0.004000600585867486,0.009604793283552116,0.009797004407736232,12,1,True
G_future_volatility_scan,nonparametric_dependency,dBTC_y_lag_2,dBTC_y_lag_2,future_rms_h12,development_train,18249,0.005184155274575115,0.009485774225856993,0.0038021651097466247,12,2,True
G_future_volatility_scan,nonparametric_dependency,dBTC_y_lag_3,dBTC_y_lag_3,future_rms_h12,development_train,18248,0.003916284177070597,0.008349335725384056,0.014313558614135857,12,3,True
G_future_volatility_scan,nonparametric_dependency,dBTC_y_lag_4,dBTC_y_lag_4,future_rms_h12,development_train,18247,0.005349484622541789,0.01094064525500274,0.006479999521501689,12,4,True
G_future_volatility_scan,nonparametric_dependency,dBTC_y_lag_5,dBTC_y_lag_5,future_rms_h12,development_train,18246,0.00491911265105537,0.008856990119022603,0.005051806558963534,12,5,True
G_future_volatility_scan,nonparametric_dependency,dBTC_y_lag_6,dBTC_y_lag_6,future_rms_h12,development_train,18245,0.0028544966629732854,0.008643066095981124,0.0,12,6,True
G_future_volatility_scan,nonparametric_dependency,dBTC_y_lag_7,dBTC_y_lag_7,future_rms_h12,development_train,18244,0.0041541691306226335,0.008905548676801583,0.0,12,7,True
G_future_volatility_scan,nonparametric_dependency,dBTC_y_lag_8,dBTC_y_lag_8,future_rms_h12,development_train,18243,0.0043189500582996075,0.008679948352105336,0.002595549589192281,12,8,True
G_future_volatility_scan,nonparametric_dependency,dBTC_y_lag_9,dBTC_y_lag_9,future_rms_h12,development_train,18242,0.003301118353658416,0.007115701326775167,0.010944894331156085,12,9,True
G_future_volatility_scan,nonparametric_dependency,dBTC_y_lag_10,dBTC_y_lag_10,future_rms_h12,development_train,18241,0.0043808117386542065,0.009480592727785729,0.0,12,10,True
G_future_volatility_scan,nonparametric_dependency,dBTC_y_lag_11,dBTC_y_lag_11,future_rms_h12,development_train,18240,0.0050141628383013346,0.008968658710114406,0.004730080446734952,12,11,True
G_future_volatility_scan,nonparametric_dependency,dBTC_y_lag_12,dBTC_y_lag_12,future_rms_h12,development_train,18239,0.002569486595491436,0.006662467288524498,0.0,12,12,True
G_future_volatility_scan,nonparametric_dependency,dBTC_y_lag_13,dBTC_y_lag_13,future_rms_h12,development_train,18238,0.0057454386562900165,0.010329511628867246,0.0,12,13,True
G_future_volatility_scan,nonparametric_dependency,dBTC_y_lag_14,dBTC_y_lag_14,future_rms_h12,development_train,18237,0.00509676709392604,0.009786081053741635,0.00016844349605182884,12,14,True
G_future_volatility_scan,nonparametric_dependency,dBTC_y_lag_15,dBTC_y_lag_15,future_rms_h12,development_train,18236,0.004876303781648172,0.0097823716203399,0.005785970573353616,12,15,True
G_future_volatility_scan,nonparametric_dependency,dBTC_y_lag_16,dBTC_y_lag_16,future_rms_h12,development_train,18235,0.004125883345247979,0.007704298213418803,0.010184445948192788,12,16,True
G_future_volatility_scan,nonparametric_dependency,dBTC_y_lag_17,dBTC_y_lag_17,future_rms_h12,development_train,18234,0.004472683071316658,0.008379319919500526,0.004058755555377047,12,17,True
G_future_volatility_scan,nonparametric_dependency,dBTC_y_lag_18,dBTC_y_lag_18,future_rms_h12,development_train,18233,0.0054804011506586845,0.009155648741986773,0.009957987564394699,12,18,True
G_future_volatility_scan,nonparametric_dependency,dBTC_y_lag_19,dBTC_y_lag_19,future_rms_h12,development_train,18232,0.003357690715684064,0.009506565107724586,0.0,12,19,True
G_future_volatility_scan,nonparametric_dependency,dBTC_y_lag_20,dBTC_y_lag_20,future_rms_h12,development_train,18231,0.002906475229170898,0.009413997070510232,0.0,12,20,True
