experiment,model,model_family,feature_set,backend,regime_scheme,split,seed,n_train,n_eval,accuracy,balanced_accuracy,macro_f1,log_loss,fold
I_J_regime_classification,dummy_most_frequent,classification,dummy,decision_tree_or_dummy,3_regimes,fold_1,42,3038,3035,0.1416803953871499,0.3333333333333333,0.08273208273208273,30.93697432574964,1
I_J_regime_classification,tree_volatility,classification,simple_volatility,decision_tree_or_dummy,3_regimes,fold_1,42,3038,3035,0.5943986820428336,0.4660495969763585,0.46178531604486023,0.8927914558309088,1
I_J_regime_classification,tree_topology,classification,simple_topology,decision_tree_or_dummy,3_regimes,fold_1,42,3038,3035,0.4313014827018122,0.4325748518389962,0.3754883384291305,1.083954572339437,1
I_J_regime_classification,tree_volatility_plus_topology,classification,simple_combined,decision_tree_or_dummy,3_regimes,fold_1,42,3038,3035,0.5799011532125206,0.4931132451437901,0.4838847188438436,0.9033473046953251,1
I_J_regime_classification,lightgbm_volatility_multiscale,classification,advanced_volatility,lightgbm,3_regimes,fold_1,42,3038,3035,0.6461285008237232,0.5082944450872253,0.5188836183467908,0.8015399800964519,1
I_J_regime_classification,lightgbm_topology_multiscale,classification,advanced_topology,lightgbm,3_regimes,fold_1,42,3038,3035,0.4023064250411862,0.4172959491945955,0.363459706405689,1.146264818807613,1
I_J_regime_classification,lightgbm_volatility_plus_topology,classification,advanced_combined,lightgbm,3_regimes,fold_1,42,3038,3035,0.6484349258649094,0.5145307056449021,0.5175539051758923,0.7992567836145653,1
I_J_regime_classification,dummy_most_frequent,classification,dummy,decision_tree_or_dummy,5_extreme_4_5,fold_1,42,3038,3035,0.19769357495881384,0.2,0.06602475928473177,28.918054696046212,1
I_J_regime_classification,tree_volatility,classification,simple_volatility,decision_tree_or_dummy,5_extreme_4_5,fold_1,42,3038,3035,0.4098846787479407,0.26228181818181817,0.2240972517413442,1.400427373001934,1
I_J_regime_classification,tree_topology,classification,simple_topology,decision_tree_or_dummy,5_extreme_4_5,fold_1,42,3038,3035,0.34036243822075785,0.24825757575757573,0.20307620537521315,1.596715739079041,1
I_J_regime_classification,tree_volatility_plus_topology,classification,simple_combined,decision_tree_or_dummy,5_extreme_4_5,fold_1,42,3038,3035,0.399670510708402,0.26901212121212115,0.23565717349761567,1.417128397507515,1
I_J_regime_classification,lightgbm_volatility_multiscale,classification,advanced_volatility,lightgbm,5_extreme_4_5,fold_1,42,3038,3035,0.4438220757825371,0.27428586536506,0.25360217672121343,1.375752521571505,1
I_J_regime_classification,lightgbm_topology_multiscale,classification,advanced_topology,lightgbm,5_extreme_4_5,fold_1,42,3038,3035,0.2971993410214168,0.24131049928818388,0.19589002526063354,1.8263560452277479,1
I_J_regime_classification,lightgbm_volatility_plus_topology,classification,advanced_combined,lightgbm,5_extreme_4_5,fold_1,42,3038,3035,0.43492586490939045,0.2742391092129347,0.24898078849641658,1.4453013974670843,1
I_J_regime_classification,dummy_most_frequent,classification,dummy,decision_tree_or_dummy,5_quintiles,fold_1,42,3038,3035,0.08204283360790775,0.2,0.03032886723507917,33.086529931492706,1
I_J_regime_classification,tree_volatility,classification,simple_volatility,decision_tree_or_dummy,5_quintiles,fold_1,42,3038,3035,0.4655683690280066,0.30471929813087806,0.2415825348490797,1.3498095118173012,1
I_J_regime_classification,tree_topology,classification,simple_topology,decision_tree_or_dummy,5_quintiles,fold_1,42,3038,3035,0.2329489291598023,0.26718501980003334,0.21492238925162338,1.6047891124711908,1
I_J_regime_classification,tree_volatility_plus_topology,classification,simple_combined,decision_tree_or_dummy,5_quintiles,fold_1,42,3038,3035,0.4794069192751236,0.3144960025921784,0.2758054746789917,1.3661167452546414,1
I_J_regime_classification,lightgbm_volatility_multiscale,classification,advanced_volatility,lightgbm,5_quintiles,fold_1,42,3038,3035,0.47479406919275124,0.3271811835980879,0.3330159987753434,1.3135455753463168,1
I_J_regime_classification,lightgbm_topology_multiscale,classification,advanced_topology,lightgbm,5_quintiles,fold_1,42,3038,3035,0.26655683690280063,0.2654876001254285,0.23114720188149698,1.7034469047754832,1
I_J_regime_classification,lightgbm_volatility_plus_topology,classification,advanced_combined,lightgbm,5_quintiles,fold_1,42,3038,3035,0.4658978583196046,0.3247298419528103,0.329804003429739,1.3129881497426437,1
I_J_regime_classification,dummy_most_frequent,classification,dummy,decision_tree_or_dummy,3_regimes,fold_2,42,6073,3035,0.4257001647446458,0.3333333333333333,0.1990601648563285,20.699864203371064,2
I_J_regime_classification,tree_volatility,classification,simple_volatility,decision_tree_or_dummy,3_regimes,fold_2,42,6073,3035,0.4507413509060956,0.44110410887306234,0.41766222454113694,1.0669431490196,2
I_J_regime_classification,tree_topology,classification,simple_topology,decision_tree_or_dummy,3_regimes,fold_2,42,6073,3035,0.4029654036243822,0.3962941018384401,0.3529084553226129,1.0961938654709507,2
I_J_regime_classification,tree_volatility_plus_topology,classification,simple_combined,decision_tree_or_dummy,3_regimes,fold_2,42,6073,3035,0.44184514003294895,0.430059061596131,0.4080395345367087,1.0662372598472647,2
I_J_regime_classification,lightgbm_volatility_multiscale,classification,advanced_volatility,lightgbm,3_regimes,fold_2,42,6073,3035,0.48929159802306427,0.4493927210727737,0.4518509459945195,1.0273891101602335,2
I_J_regime_classification,lightgbm_topology_multiscale,classification,advanced_topology,lightgbm,3_regimes,fold_2,42,6073,3035,0.41515650741350907,0.4095233910245651,0.39670430720836897,1.104652837032425,2
I_J_regime_classification,lightgbm_volatility_plus_topology,classification,advanced_combined,lightgbm,3_regimes,fold_2,42,6073,3035,0.4958813838550247,0.4561889485312707,0.4567960879392863,1.025326225853822,2
I_J_regime_classification,dummy_most_frequent,classification,dummy,decision_tree_or_dummy,5_extreme_4_5,fold_2,42,6073,3035,0.2257001647446458,0.2,0.07365591397849462,27.908594881194496,2
I_J_regime_classification,tree_volatility,classification,simple_volatility,decision_tree_or_dummy,5_extreme_4_5,fold_2,42,6073,3035,0.40691927512355847,0.24851433372092316,0.23508444887223784,1.2980977159916032,2
I_J_regime_classification,tree_topology,classification,simple_topology,decision_tree_or_dummy,5_extreme_4_5,fold_2,42,6073,3035,0.3756177924217463,0.23569601758587666,0.19254620055851895,1.327776813857199,2
I_J_regime_classification,tree_volatility_plus_topology,classification,simple_combined,decision_tree_or_dummy,5_extreme_4_5,fold_2,42,6073,3035,0.40494233937397034,0.24854527360684395,0.2255579061758509,1.3009248714890753,2
I_J_regime_classification,lightgbm_volatility_multiscale,classification,advanced_volatility,lightgbm,5_extreme_4_5,fold_2,42,6073,3035,0.45107084019769356,0.27098950781247316,0.26623314731767045,1.2657529924079862,2
I_J_regime_classification,lightgbm_topology_multiscale,classification,advanced_topology,lightgbm,5_extreme_4_5,fold_2,42,6073,3035,0.37627677100494233,0.23697718419090757,0.22458868149527653,1.346411084276247,2
I_J_regime_classification,lightgbm_volatility_plus_topology,classification,advanced_combined,lightgbm,5_extreme_4_5,fold_2,42,6073,3035,0.4639209225700165,0.276965326191721,0.2694488993923826,1.2548872782295675,2
I_J_regime_classification,dummy_most_frequent,classification,dummy,decision_tree_or_dummy,5_quintiles,fold_2,42,6073,3035,0.11927512355848435,0.2,0.04262584633500147,31.744542177631015,2
I_J_regime_classification,tree_volatility,classification,simple_volatility,decision_tree_or_dummy,5_quintiles,fold_2,42,6073,3035,0.27479406919275123,0.2581223231324958,0.24668570478927987,1.5830480345573292,2
I_J_regime_classification,tree_topology,classification,simple_topology,decision_tree_or_dummy,5_quintiles,fold_2,42,6073,3035,0.23756177924217464,0.24976830196533611,0.20166092302323474,1.6098117994527539,2
I_J_regime_classification,tree_volatility_plus_topology,classification,simple_combined,decision_tree_or_dummy,5_quintiles,fold_2,42,6073,3035,0.26688632619439867,0.2671158483164039,0.25104098367621497,1.5794347484471634,2
I_J_regime_classification,lightgbm_volatility_multiscale,classification,advanced_volatility,lightgbm,5_quintiles,fold_2,42,6073,3035,0.31927512355848436,0.2921743120017101,0.292032798877017,1.546508085484782,2
I_J_regime_classification,lightgbm_topology_multiscale,classification,advanced_topology,lightgbm,5_quintiles,fold_2,42,6073,3035,0.24909390444810545,0.2434845282673402,0.23527667953673795,1.6364230753787068,2
I_J_regime_classification,lightgbm_volatility_plus_topology,classification,advanced_combined,lightgbm,5_quintiles,fold_2,42,6073,3035,0.30675453047775947,0.2819807744249359,0.2826041165276285,1.555978875808354,2
I_J_regime_classification,dummy_most_frequent,classification,dummy,decision_tree_or_dummy,3_regimes,fold_3,42,9108,3035,0.28665568369028005,0.3333333333333333,0.14852752880921896,25.711535284164288,3
I_J_regime_classification,tree_volatility,classification,simple_volatility,decision_tree_or_dummy,3_regimes,fold_3,42,9108,3035,0.3766062602965404,0.3884645016519628,0.36046759134652956,1.1106936322980756,3
I_J_regime_classification,tree_topology,classification,simple_topology,decision_tree_or_dummy,3_regimes,fold_3,42,9108,3035,0.3436573311367381,0.35799435477275887,0.30899356126316474,1.1237885241026566,3
I_J_regime_classification,tree_volatility_plus_topology,classification,simple_combined,decision_tree_or_dummy,3_regimes,fold_3,42,9108,3035,0.39209225700164746,0.392753456695674,0.3908376709777253,1.1140281693441458,3
I_J_regime_classification,lightgbm_volatility_multiscale,classification,advanced_volatility,lightgbm,3_regimes,fold_3,42,9108,3035,0.44612850082372324,0.4386920096515708,0.4411851303938865,1.0490154923136128,3
I_J_regime_classification,lightgbm_topology_multiscale,classification,advanced_topology,lightgbm,3_regimes,fold_3,42,9108,3035,0.37166392092257,0.37149820493385644,0.36913830678791176,1.1528084695085827,3
I_J_regime_classification,lightgbm_volatility_plus_topology,classification,advanced_combined,lightgbm,3_regimes,fold_3,42,9108,3035,0.45370675453047776,0.44947884294594215,0.4511129809656132,1.0552889449955756,3
I_J_regime_classification,dummy_most_frequent,classification,dummy,decision_tree_or_dummy,5_extreme_4_5,fold_3,42,9108,3035,0.2698517298187809,0.2,0.08500259470679813,26.317211173075318,3
I_J_regime_classification,tree_volatility,classification,simple_volatility,decision_tree_or_dummy,5_extreme_4_5,fold_3,42,9108,3035,0.3525535420098847,0.23343241236330795,0.18857498949946933,1.30099438668968,3
I_J_regime_classification,tree_topology,classification,simple_topology,decision_tree_or_dummy,5_extreme_4_5,fold_3,42,9108,3035,0.3255354200988468,0.2130882906808817,0.17132040593192036,1.3179483709660964,3
I_J_regime_classification,tree_volatility_plus_topology,classification,simple_combined,decision_tree_or_dummy,5_extreme_4_5,fold_3,42,9108,3035,0.3644151565074135,0.2321754573920233,0.22385895670969083,1.3087552833410159,3
I_J_regime_classification,lightgbm_volatility_multiscale,classification,advanced_volatility,lightgbm,5_extreme_4_5,fold_3,42,9108,3035,0.42174629324546953,0.26328635842313913,0.2560296991207843,1.2476869695968928,3
I_J_regime_classification,lightgbm_topology_multiscale,classification,advanced_topology,lightgbm,5_extreme_4_5,fold_3,42,9108,3035,0.3317957166392092,0.21362053040992302,0.20905172280898351,1.3696385857841527,3
I_J_regime_classification,lightgbm_volatility_plus_topology,classification,advanced_combined,lightgbm,5_extreme_4_5,fold_3,42,9108,3035,0.41680395387149916,0.261364709093867,0.25342096952247356,1.2602786190552946,3
I_J_regime_classification,dummy_most_frequent,classification,dummy,decision_tree_or_dummy,5_quintiles,fold_3,42,9108,3035,0.15617792421746293,0.2,0.05403248788828726,30.414430421591106,3
I_J_regime_classification,tree_volatility,classification,simple_volatility,decision_tree_or_dummy,5_quintiles,fold_3,42,9108,3035,0.22899505766062603,0.24217447574828155,0.20516475310973012,1.6151565883719226,3
I_J_regime_classification,tree_topology,classification,simple_topology,decision_tree_or_dummy,5_quintiles,fold_3,42,9108,3035,0.20197693574958814,0.22204322328847786,0.17074883599256685,1.6338639054682706,3
I_J_regime_classification,tree_volatility_plus_topology,classification,simple_combined,decision_tree_or_dummy,5_quintiles,fold_3,42,9108,3035,0.24085667215815487,0.24148310090276848,0.2346372220433508,1.6240247150949425,3
I_J_regime_classification,lightgbm_volatility_multiscale,classification,advanced_volatility,lightgbm,5_quintiles,fold_3,42,9108,3035,0.2800658978583196,0.2729455545529003,0.2757266716250379,1.5607383589893444,3
I_J_regime_classification,lightgbm_topology_multiscale,classification,advanced_topology,lightgbm,5_quintiles,fold_3,42,9108,3035,0.22075782537067545,0.22165119143811132,0.21963383299652522,1.6774113206209884,3
I_J_regime_classification,lightgbm_volatility_plus_topology,classification,advanced_combined,lightgbm,5_quintiles,fold_3,42,9108,3035,0.27545304777594726,0.27408532144754977,0.27370146020035213,1.5655617222699987,3
I_J_regime_classification,dummy_most_frequent,classification,dummy,decision_tree_or_dummy,3_regimes,fold_4,42,12143,3035,0.4072487644151565,0.3333333333333333,0.19292905642706626,21.36492008139102,4
I_J_regime_classification,tree_volatility,classification,simple_volatility,decision_tree_or_dummy,3_regimes,fold_4,42,12143,3035,0.4369028006589786,0.4341561069422217,0.4003457877778917,1.041109851002984,4
I_J_regime_classification,tree_topology,classification,simple_topology,decision_tree_or_dummy,3_regimes,fold_4,42,12143,3035,0.37957166392092256,0.368884415473109,0.34960840769225926,1.094240563993265,4
I_J_regime_classification,tree_volatility_plus_topology,classification,simple_combined,decision_tree_or_dummy,3_regimes,fold_4,42,12143,3035,0.43360790774299834,0.4218676557276762,0.3901365703602373,1.0465170541950375,4
I_J_regime_classification,lightgbm_volatility_multiscale,classification,advanced_volatility,lightgbm,3_regimes,fold_4,42,12143,3035,0.48237232289950577,0.4749743388067089,0.4753855844174299,1.0041860009067296,4
I_J_regime_classification,lightgbm_topology_multiscale,classification,advanced_topology,lightgbm,3_regimes,fold_4,42,12143,3035,0.38879736408566723,0.3867786269085196,0.38082171587625097,1.103269595254819,4
I_J_regime_classification,lightgbm_volatility_plus_topology,classification,advanced_combined,lightgbm,3_regimes,fold_4,42,12143,3035,0.4899505766062603,0.48345478956640514,0.4825523800729796,1.0027418721910981,4
I_J_regime_classification,dummy_most_frequent,classification,dummy,decision_tree_or_dummy,5_extreme_4_5,fold_4,42,12143,3035,0.3657331136738056,0.2,0.10711700844390833,22.86129580693592,4
I_J_regime_classification,tree_volatility,classification,simple_volatility,decision_tree_or_dummy,5_extreme_4_5,fold_4,42,12143,3035,0.3779242174629325,0.25299971793607146,0.19998922248490786,1.2791362592512294,4
I_J_regime_classification,tree_topology,classification,simple_topology,decision_tree_or_dummy,5_extreme_4_5,fold_4,42,12143,3035,0.33904448105436574,0.2184400970325469,0.2040595323865662,1.338030512621581,4
I_J_regime_classification,tree_volatility_plus_topology,classification,simple_combined,decision_tree_or_dummy,5_extreme_4_5,fold_4,42,12143,3035,0.38220757825370677,0.2504291332747271,0.23809502669515842,1.2810676658364877,4
I_J_regime_classification,lightgbm_volatility_multiscale,classification,advanced_volatility,lightgbm,5_extreme_4_5,fold_4,42,12143,3035,0.42668863261943984,0.2791590705635263,0.2714111042258066,1.2489174497132685,4
I_J_regime_classification,lightgbm_topology_multiscale,classification,advanced_topology,lightgbm,5_extreme_4_5,fold_4,42,12143,3035,0.34892915980230643,0.22839214017074455,0.2160401424860135,1.3585450465893252,4
I_J_regime_classification,lightgbm_volatility_plus_topology,classification,advanced_combined,lightgbm,5_extreme_4_5,fold_4,42,12143,3035,0.4227347611202636,0.2798035553484289,0.27351202868026037,1.2496640883240357,4
I_J_regime_classification,dummy_most_frequent,classification,dummy,decision_tree_or_dummy,5_quintiles,fold_4,42,12143,3035,0.24975288303130147,0.2,0.07993672554706037,27.041647040204197,4
I_J_regime_classification,tree_volatility,classification,simple_volatility,decision_tree_or_dummy,5_quintiles,fold_4,42,12143,3035,0.2912685337726524,0.288238464259018,0.24527686598176981,1.544631452904604,4
I_J_regime_classification,tree_topology,classification,simple_topology,decision_tree_or_dummy,5_quintiles,fold_4,42,12143,3035,0.2313014827018122,0.23288428698208294,0.18740645350494947,1.6077355000610705,4
I_J_regime_classification,tree_volatility_plus_topology,classification,simple_combined,decision_tree_or_dummy,5_quintiles,fold_4,42,12143,3035,0.26655683690280063,0.27120986893734467,0.23135698111833528,1.5519597840647508,4
I_J_regime_classification,lightgbm_volatility_multiscale,classification,advanced_volatility,lightgbm,5_quintiles,fold_4,42,12143,3035,0.3182866556836903,0.31208749598293994,0.31243559243227986,1.5105147445259206,4
I_J_regime_classification,lightgbm_topology_multiscale,classification,advanced_topology,lightgbm,5_quintiles,fold_4,42,12143,3035,0.2313014827018122,0.23249605915014163,0.22531434885070983,1.6270033808431146,4
I_J_regime_classification,lightgbm_volatility_plus_topology,classification,advanced_combined,lightgbm,5_quintiles,fold_4,42,12143,3035,0.3100494233937397,0.30659344095924906,0.30516262181149717,1.5127122871522463,4
I_J_regime_classification,dummy_most_frequent,classification,dummy,decision_tree_or_dummy,3_regimes,fold_5,42,15178,3035,0.18682042833607906,0.3333333333333333,0.10494169905607996,29.309962624165113,5
I_J_regime_classification,tree_volatility,classification,simple_volatility,decision_tree_or_dummy,3_regimes,fold_5,42,15178,3035,0.4639209225700165,0.43006722207391346,0.4189072402778318,1.0343900253511915,5
I_J_regime_classification,tree_topology,classification,simple_topology,decision_tree_or_dummy,3_regimes,fold_5,42,15178,3035,0.4484349258649094,0.39705086443670323,0.3730231874680454,1.042744109863469,5
I_J_regime_classification,tree_volatility_plus_topology,classification,simple_combined,decision_tree_or_dummy,3_regimes,fold_5,42,15178,3035,0.4616144975288303,0.4319629992529321,0.4307763147088138,1.025960080652929,5
I_J_regime_classification,lightgbm_volatility_multiscale,classification,advanced_volatility,lightgbm,3_regimes,fold_5,42,15178,3035,0.49357495881383856,0.4480504632531535,0.45222366303790795,0.978979493465574,5
I_J_regime_classification,lightgbm_topology_multiscale,classification,advanced_topology,lightgbm,3_regimes,fold_5,42,15178,3035,0.4728171334431631,0.40443467858593535,0.385523970865131,1.0246531025584873,5
I_J_regime_classification,lightgbm_volatility_plus_topology,classification,advanced_combined,lightgbm,3_regimes,fold_5,42,15178,3035,0.4873146622734761,0.4456961504750148,0.448028571780046,0.9811803508875478,5
I_J_regime_classification,dummy_most_frequent,classification,dummy,decision_tree_or_dummy,5_extreme_4_5,fold_5,42,15178,3035,0.4121911037891269,0.2,0.11675221651889874,21.18678011406425,5
I_J_regime_classification,tree_volatility,classification,simple_volatility,decision_tree_or_dummy,5_extreme_4_5,fold_5,42,15178,3035,0.40131795716639207,0.24545794981577504,0.21667113455893877,1.2694809715228954,5
I_J_regime_classification,tree_topology,classification,simple_topology,decision_tree_or_dummy,5_extreme_4_5,fold_5,42,15178,3035,0.40955518945634267,0.2351947125092543,0.1974649305843331,1.2831098049291936,5
I_J_regime_classification,tree_volatility_plus_topology,classification,simple_combined,decision_tree_or_dummy,5_extreme_4_5,fold_5,42,15178,3035,0.41614497528830313,0.2528244124865189,0.23804157898479575,1.2641740909428347,5
I_J_regime_classification,lightgbm_volatility_multiscale,classification,advanced_volatility,lightgbm,5_extreme_4_5,fold_5,42,15178,3035,0.4316309719934102,0.2587848219271243,0.2507326831264461,1.214699999536606,5
I_J_regime_classification,lightgbm_topology_multiscale,classification,advanced_topology,lightgbm,5_extreme_4_5,fold_5,42,15178,3035,0.4059308072487644,0.23945219658617378,0.22594613964117777,1.2870335196249674,5
I_J_regime_classification,lightgbm_volatility_plus_topology,classification,advanced_combined,lightgbm,5_extreme_4_5,fold_5,42,15178,3035,0.4388797364085667,0.269872381168573,0.26423891798187243,1.2196176657019355,5
I_J_regime_classification,dummy_most_frequent,classification,dummy,decision_tree_or_dummy,5_quintiles,fold_5,42,15178,3035,0.2889621087314662,0.2,0.08967280163599181,25.628403299411797,5
I_J_regime_classification,tree_volatility,classification,simple_volatility,decision_tree_or_dummy,5_quintiles,fold_5,42,15178,3035,0.30082372322899503,0.27702562595803226,0.2343374999280891,1.5354429400019844,5
I_J_regime_classification,tree_topology,classification,simple_topology,decision_tree_or_dummy,5_quintiles,fold_5,42,15178,3035,0.270840197693575,0.24649913686461328,0.187992285467602,1.5505004605046848,5
I_J_regime_classification,tree_volatility_plus_topology,classification,simple_combined,decision_tree_or_dummy,5_quintiles,fold_5,42,15178,3035,0.30082372322899503,0.2766565033053715,0.23668278849571736,1.5281698543978715,5
I_J_regime_classification,lightgbm_volatility_multiscale,classification,advanced_volatility,lightgbm,5_quintiles,fold_5,42,15178,3035,0.3242174629324547,0.2885880947701858,0.2889465022909935,1.4826907062718486,5
I_J_regime_classification,lightgbm_topology_multiscale,classification,advanced_topology,lightgbm,5_quintiles,fold_5,42,15178,3035,0.28369028006589786,0.25017763212373556,0.22742423603525658,1.5492574622957636,5
I_J_regime_classification,lightgbm_volatility_plus_topology,classification,advanced_combined,lightgbm,5_quintiles,fold_5,42,15178,3035,0.3186161449752883,0.2871892978973047,0.2818371417182875,1.485957128994044,5
