experiment,model,feature_set,regime_scheme,split,class_id,class_name,precision,recall,f1,support,fold
I_J_regime_classification_by_class,dummy_most_frequent,dummy,3_regimes,fold_1,0,LOW,0.1416803953871499,1.0,0.2481962481962482,430,1
I_J_regime_classification_by_class,dummy_most_frequent,dummy,3_regimes,fold_1,1,MID,0.0,0.0,0.0,670,1
I_J_regime_classification_by_class,dummy_most_frequent,dummy,3_regimes,fold_1,2,HIGH,0.0,0.0,0.0,1935,1
I_J_regime_classification_by_class,tree_volatility,simple_volatility,3_regimes,fold_1,0,LOW,0.3463917525773196,0.39069767441860465,0.36721311475409835,430,1
I_J_regime_classification_by_class,tree_volatility,simple_volatility,3_regimes,fold_1,1,MID,0.2752902155887231,0.24776119402985075,0.2608012568735271,670,1
I_J_regime_classification_by_class,tree_volatility,simple_volatility,3_regimes,fold_1,2,HIGH,0.7550077041602465,0.7596899224806202,0.7573415765069552,1935,1
I_J_regime_classification_by_class,tree_topology,simple_topology,3_regimes,fold_1,0,LOW,0.22922134733158356,0.6093023255813953,0.3331214240305149,430,1
I_J_regime_classification_by_class,tree_topology,simple_topology,3_regimes,fold_1,1,MID,0.21820809248554912,0.2253731343283582,0.22173274596182085,670,1
I_J_regime_classification_by_class,tree_topology,simple_topology,3_regimes,fold_1,2,HIGH,0.7466666666666667,0.4630490956072351,0.5716108452950558,1935,1
I_J_regime_classification_by_class,tree_volatility_plus_topology,simple_combined,3_regimes,fold_1,0,LOW,0.36779324055666,0.43023255813953487,0.3965702036441586,430,1
I_J_regime_classification_by_class,tree_volatility_plus_topology,simple_combined,3_regimes,fold_1,1,MID,0.2946210268948655,0.3597014925373134,0.3239247311827957,670,1
I_J_regime_classification_by_class,tree_volatility_plus_topology,simple_combined,3_regimes,fold_1,2,HIGH,0.7782963827304551,0.689405684754522,0.7311592217045766,1935,1
I_J_regime_classification_by_class,lightgbm_volatility_multiscale,advanced_volatility,3_regimes,fold_1,0,LOW,0.5,0.37906976744186044,0.4312169312169312,430,1
I_J_regime_classification_by_class,lightgbm_volatility_multiscale,advanced_volatility,3_regimes,fold_1,1,MID,0.34049079754601225,0.33134328358208953,0.3358547655068079,670,1
I_J_regime_classification_by_class,lightgbm_volatility_multiscale,advanced_volatility,3_regimes,fold_1,2,HIGH,0.766164316966456,0.814470284237726,0.7895791583166333,1935,1
I_J_regime_classification_by_class,lightgbm_topology_multiscale,advanced_topology,3_regimes,fold_1,0,LOW,0.23371647509578544,0.5674418604651162,0.3310719131614654,430,1
I_J_regime_classification_by_class,lightgbm_topology_multiscale,advanced_topology,3_regimes,fold_1,1,MID,0.19827586206896552,0.2746268656716418,0.23028785982478098,670,1
I_J_regime_classification_by_class,lightgbm_topology_multiscale,advanced_topology,3_regimes,fold_1,2,HIGH,0.7460018814675446,0.4098191214470284,0.5290193462308206,1935,1
I_J_regime_classification_by_class,lightgbm_volatility_plus_topology,advanced_combined,3_regimes,fold_1,0,LOW,0.47549019607843135,0.4511627906976744,0.4630071599045346,430,1
I_J_regime_classification_by_class,lightgbm_volatility_plus_topology,advanced_combined,3_regimes,fold_1,1,MID,0.32667876588021777,0.26865671641791045,0.29484029484029484,670,1
I_J_regime_classification_by_class,lightgbm_volatility_plus_topology,advanced_combined,3_regimes,fold_1,2,HIGH,0.7678227360308285,0.8237726098191215,0.7948142607828471,1935,1
I_J_regime_classification_by_class,dummy_most_frequent,dummy,5_extreme_4_5,fold_1,0,EXTREME_LOW,0.0,0.0,0.0,64,1
I_J_regime_classification_by_class,dummy_most_frequent,dummy,5_extreme_4_5,fold_1,1,LOW,0.0,0.0,0.0,400,1
I_J_regime_classification_by_class,dummy_most_frequent,dummy,5_extreme_4_5,fold_1,2,MID,0.19769357495881384,1.0,0.33012379642365886,600,1
I_J_regime_classification_by_class,dummy_most_frequent,dummy,5_extreme_4_5,fold_1,3,HIGH,0.0,0.0,0.0,1375,1
I_J_regime_classification_by_class,dummy_most_frequent,dummy,5_extreme_4_5,fold_1,4,EXTREME_HIGH,0.0,0.0,0.0,596,1
I_J_regime_classification_by_class,tree_volatility,simple_volatility,5_extreme_4_5,fold_1,0,EXTREME_LOW,0.0,0.0,0.0,64,1
I_J_regime_classification_by_class,tree_volatility,simple_volatility,5_extreme_4_5,fold_1,1,LOW,0.2632398753894081,0.4225,0.32437619961612285,400,1
I_J_regime_classification_by_class,tree_volatility,simple_volatility,5_extreme_4_5,fold_1,2,MID,0.24782608695652175,0.19,0.21509433962264152,600,1
I_J_regime_classification_by_class,tree_volatility,simple_volatility,5_extreme_4_5,fold_1,3,HIGH,0.49715468184169687,0.6989090909090909,0.5810157194679565,1375,1
I_J_regime_classification_by_class,tree_volatility,simple_volatility,5_extreme_4_5,fold_1,4,EXTREME_HIGH,0.0,0.0,0.0,596,1
I_J_regime_classification_by_class,tree_topology,simple_topology,5_extreme_4_5,fold_1,0,EXTREME_LOW,0.0,0.0,0.0,64,1
I_J_regime_classification_by_class,tree_topology,simple_topology,5_extreme_4_5,fold_1,1,LOW,0.23310810810810811,0.5175,0.32142857142857145,400,1
I_J_regime_classification_by_class,tree_topology,simple_topology,5_extreme_4_5,fold_1,2,MID,0.1893063583815029,0.21833333333333332,0.20278637770897834,600,1
I_J_regime_classification_by_class,tree_topology,simple_topology,5_extreme_4_5,fold_1,3,HIGH,0.47766323024054985,0.5054545454545455,0.4911660777385159,1375,1
I_J_regime_classification_by_class,tree_topology,simple_topology,5_extreme_4_5,fold_1,4,EXTREME_HIGH,0.0,0.0,0.0,596,1
I_J_regime_classification_by_class,tree_volatility_plus_topology,simple_combined,5_extreme_4_5,fold_1,0,EXTREME_LOW,0.0,0.0,0.0,64,1
I_J_regime_classification_by_class,tree_volatility_plus_topology,simple_combined,5_extreme_4_5,fold_1,1,LOW,0.2845849802371542,0.36,0.31788079470198677,400,1
I_J_regime_classification_by_class,tree_volatility_plus_topology,simple_combined,5_extreme_4_5,fold_1,2,MID,0.26247030878859856,0.36833333333333335,0.3065187239944521,600,1
I_J_regime_classification_by_class,tree_volatility_plus_topology,simple_combined,5_extreme_4_5,fold_1,3,HIGH,0.5026674570243035,0.6167272727272727,0.5538863487916394,1375,1
I_J_regime_classification_by_class,tree_volatility_plus_topology,simple_combined,5_extreme_4_5,fold_1,4,EXTREME_HIGH,0.0,0.0,0.0,596,1
I_J_regime_classification_by_class,lightgbm_volatility_multiscale,advanced_volatility,5_extreme_4_5,fold_1,0,EXTREME_LOW,0.0,0.0,0.0,64,1
I_J_regime_classification_by_class,lightgbm_volatility_multiscale,advanced_volatility,5_extreme_4_5,fold_1,1,LOW,0.3493975903614458,0.29,0.31693989071038253,400,1
I_J_regime_classification_by_class,lightgbm_volatility_multiscale,advanced_volatility,5_extreme_4_5,fold_1,2,MID,0.29821717990275526,0.30666666666666664,0.30238290879211177,600,1
I_J_regime_classification_by_class,lightgbm_volatility_multiscale,advanced_volatility,5_extreme_4_5,fold_1,3,HIGH,0.506124448799608,0.7512727272727273,0.6048009367681498,1375,1
I_J_regime_classification_by_class,lightgbm_volatility_multiscale,advanced_volatility,5_extreme_4_5,fold_1,4,EXTREME_HIGH,0.3333333333333333,0.02348993288590604,0.0438871473354232,596,1
I_J_regime_classification_by_class,lightgbm_topology_multiscale,advanced_topology,5_extreme_4_5,fold_1,0,EXTREME_LOW,0.125,0.015625,0.027777777777777776,64,1
I_J_regime_classification_by_class,lightgbm_topology_multiscale,advanced_topology,5_extreme_4_5,fold_1,1,LOW,0.2013358778625954,0.5275,0.2914364640883978,400,1
I_J_regime_classification_by_class,lightgbm_topology_multiscale,advanced_topology,5_extreme_4_5,fold_1,2,MID,0.18309859154929578,0.2816666666666667,0.22193040052527904,600,1
I_J_regime_classification_by_class,lightgbm_topology_multiscale,advanced_topology,5_extreme_4_5,fold_1,3,HIGH,0.4966442953020134,0.37672727272727274,0.4284532671629446,1375,1
I_J_regime_classification_by_class,lightgbm_topology_multiscale,advanced_topology,5_extreme_4_5,fold_1,4,EXTREME_HIGH,0.23076923076923078,0.0050335570469798654,0.009852216748768473,596,1
I_J_regime_classification_by_class,lightgbm_volatility_plus_topology,advanced_combined,5_extreme_4_5,fold_1,0,EXTREME_LOW,0.0,0.0,0.0,64,1
I_J_regime_classification_by_class,lightgbm_volatility_plus_topology,advanced_combined,5_extreme_4_5,fold_1,1,LOW,0.3598014888337469,0.3625,0.36114570361145704,400,1
I_J_regime_classification_by_class,lightgbm_volatility_plus_topology,advanced_combined,5_extreme_4_5,fold_1,2,MID,0.2608695652173913,0.26,0.2604340567612688,600,1
I_J_regime_classification_by_class,lightgbm_volatility_plus_topology,advanced_combined,5_extreme_4_5,fold_1,3,HIGH,0.5032354405176704,0.7352727272727273,0.5975177304964538,1375,1
I_J_regime_classification_by_class,lightgbm_volatility_plus_topology,advanced_combined,5_extreme_4_5,fold_1,4,EXTREME_HIGH,0.3333333333333333,0.013422818791946308,0.025806451612903226,596,1
I_J_regime_classification_by_class,dummy_most_frequent,dummy,5_quintiles,fold_1,0,VERY_LOW,0.08204283360790775,1.0,0.15164433617539586,249,1
I_J_regime_classification_by_class,dummy_most_frequent,dummy,5_quintiles,fold_1,1,LOW,0.0,0.0,0.0,322,1
I_J_regime_classification_by_class,dummy_most_frequent,dummy,5_quintiles,fold_1,2,MID,0.0,0.0,0.0,389,1
I_J_regime_classification_by_class,dummy_most_frequent,dummy,5_quintiles,fold_1,3,HIGH,0.0,0.0,0.0,569,1
I_J_regime_classification_by_class,dummy_most_frequent,dummy,5_quintiles,fold_1,4,VERY_HIGH,0.0,0.0,0.0,1506,1
I_J_regime_classification_by_class,tree_volatility,simple_volatility,5_quintiles,fold_1,0,VERY_LOW,0.24652087475149106,0.4979919678714859,0.32978723404255317,249,1
I_J_regime_classification_by_class,tree_volatility,simple_volatility,5_quintiles,fold_1,1,LOW,0.0,0.0,0.0,322,1
I_J_regime_classification_by_class,tree_volatility,simple_volatility,5_quintiles,fold_1,2,MID,0.14759535655058043,0.22879177377892032,0.17943548387096775,389,1
I_J_regime_classification_by_class,tree_volatility,simple_volatility,5_quintiles,fold_1,3,HIGH,0.0,0.0,0.0,569,1
I_J_regime_classification_by_class,tree_volatility,simple_volatility,5_quintiles,fold_1,4,VERY_HIGH,0.6220839813374806,0.796812749003984,0.6986899563318777,1506,1
I_J_regime_classification_by_class,tree_topology,simple_topology,5_quintiles,fold_1,0,VERY_LOW,0.19202363367799113,0.5220883534136547,0.28077753779697623,249,1
I_J_regime_classification_by_class,tree_topology,simple_topology,5_quintiles,fold_1,1,LOW,0.13240418118466898,0.11801242236024845,0.12479474548440066,322,1
I_J_regime_classification_by_class,tree_topology,simple_topology,5_quintiles,fold_1,2,MID,0.12929061784897025,0.29048843187660667,0.1789390340459224,389,1
I_J_regime_classification_by_class,tree_topology,simple_topology,5_quintiles,fold_1,3,HIGH,0.1593172119487909,0.1968365553602812,0.1761006289308176,569,1
I_J_regime_classification_by_class,tree_topology,simple_topology,5_quintiles,fold_1,4,VERY_HIGH,0.6356275303643725,0.20849933598937584,0.314,1506,1
I_J_regime_classification_by_class,tree_volatility_plus_topology,simple_combined,5_quintiles,fold_1,0,VERY_LOW,0.32679738562091504,0.40160642570281124,0.36036036036036034,249,1
I_J_regime_classification_by_class,tree_volatility_plus_topology,simple_combined,5_quintiles,fold_1,1,LOW,0.0,0.0,0.0,322,1
I_J_regime_classification_by_class,tree_volatility_plus_topology,simple_combined,5_quintiles,fold_1,2,MID,0.1808972503617945,0.3213367609254499,0.23148148148148148,389,1
I_J_regime_classification_by_class,tree_volatility_plus_topology,simple_combined,5_quintiles,fold_1,3,HIGH,0.27522935779816515,0.05272407732864675,0.08849557522123894,569,1
I_J_regime_classification_by_class,tree_volatility_plus_topology,simple_combined,5_quintiles,fold_1,4,VERY_HIGH,0.6220839813374806,0.796812749003984,0.6986899563318777,1506,1
I_J_regime_classification_by_class,lightgbm_volatility_multiscale,advanced_volatility,5_quintiles,fold_1,0,VERY_LOW,0.4,0.30522088353413657,0.3462414578587699,249,1
I_J_regime_classification_by_class,lightgbm_volatility_multiscale,advanced_volatility,5_quintiles,fold_1,1,LOW,0.22598870056497175,0.12422360248447205,0.16032064128256512,322,1
I_J_regime_classification_by_class,lightgbm_volatility_multiscale,advanced_volatility,5_quintiles,fold_1,2,MID,0.1939252336448598,0.2133676092544987,0.20318237454100369,389,1
I_J_regime_classification_by_class,lightgbm_volatility_multiscale,advanced_volatility,5_quintiles,fold_1,3,HIGH,0.240625,0.27065026362038663,0.2547559966914806,569,1
I_J_regime_classification_by_class,lightgbm_volatility_multiscale,advanced_volatility,5_quintiles,fold_1,4,VERY_HIGH,0.68,0.7224435590969456,0.7005795235028976,1506,1
I_J_regime_classification_by_class,lightgbm_topology_multiscale,advanced_topology,5_quintiles,fold_1,0,VERY_LOW,0.16079632465543645,0.42168674698795183,0.2328159645232816,249,1
I_J_regime_classification_by_class,lightgbm_topology_multiscale,advanced_topology,5_quintiles,fold_1,1,LOW,0.14143426294820718,0.2204968944099379,0.17233009708737865,322,1
I_J_regime_classification_by_class,lightgbm_topology_multiscale,advanced_topology,5_quintiles,fold_1,2,MID,0.12874779541446207,0.18766066838046272,0.15271966527196654,389,1
I_J_regime_classification_by_class,lightgbm_topology_multiscale,advanced_topology,5_quintiles,fold_1,3,HIGH,0.19071310116086235,0.20210896309314588,0.1962457337883959,569,1
I_J_regime_classification_by_class,lightgbm_topology_multiscale,advanced_topology,5_quintiles,fold_1,4,VERY_HIGH,0.6267605633802817,0.2954847277556441,0.4016245487364621,1506,1
I_J_regime_classification_by_class,lightgbm_volatility_plus_topology,advanced_combined,5_quintiles,fold_1,0,VERY_LOW,0.37244897959183676,0.2931726907630522,0.32808988764044944,249,1
I_J_regime_classification_by_class,lightgbm_volatility_plus_topology,advanced_combined,5_quintiles,fold_1,1,LOW,0.21993127147766323,0.19875776397515527,0.20880913539967375,322,1
I_J_regime_classification_by_class,lightgbm_volatility_plus_topology,advanced_combined,5_quintiles,fold_1,2,MID,0.1958762886597938,0.1953727506426735,0.1956241956241956,389,1
I_J_regime_classification_by_class,lightgbm_volatility_plus_topology,advanced_combined,5_quintiles,fold_1,3,HIGH,0.22759856630824374,0.22319859402460457,0.225377107364685,569,1
I_J_regime_classification_by_class,lightgbm_volatility_plus_topology,advanced_combined,5_quintiles,fold_1,4,VERY_HIGH,0.6704119850187266,0.7131474103585658,0.6911196911196911,1506,1
I_J_regime_classification_by_class,dummy_most_frequent,dummy,3_regimes,fold_2,0,LOW,0.0,0.0,0.0,690,2
I_J_regime_classification_by_class,dummy_most_frequent,dummy,3_regimes,fold_2,1,MID,0.0,0.0,0.0,1053,2
I_J_regime_classification_by_class,dummy_most_frequent,dummy,3_regimes,fold_2,2,HIGH,0.4257001647446458,1.0,0.5971804945689855,1292,2
I_J_regime_classification_by_class,tree_volatility,simple_volatility,3_regimes,fold_2,0,LOW,0.34146341463414637,0.48695652173913045,0.4014336917562724,690,2
I_J_regime_classification_by_class,tree_volatility,simple_volatility,3_regimes,fold_2,1,MID,0.41312741312741313,0.20322886989553657,0.27243793761935076,1053,2
I_J_regime_classification_by_class,tree_volatility,simple_volatility,3_regimes,fold_2,2,HIGH,0.5335942596216569,0.6331269349845201,0.5791150442477876,1292,2
I_J_regime_classification_by_class,tree_topology,simple_topology,3_regimes,fold_2,0,LOW,0.282312925170068,0.4811594202898551,0.3558413719185423,690,2
I_J_regime_classification_by_class,tree_topology,simple_topology,3_regimes,fold_2,1,MID,0.3786764705882353,0.09781576448243115,0.15547169811320755,1053,2
I_J_regime_classification_by_class,tree_topology,simple_topology,3_regimes,fold_2,2,HIGH,0.49653434152488973,0.6099071207430341,0.5474122959360889,1292,2
I_J_regime_classification_by_class,tree_volatility_plus_topology,simple_combined,3_regimes,fold_2,0,LOW,0.3455328310010764,0.4652173913043478,0.3965410747374923,690,2
I_J_regime_classification_by_class,tree_volatility_plus_topology,simple_combined,3_regimes,fold_2,1,MID,0.3525305410122164,0.19183285849952517,0.24846248462484624,1053,2
I_J_regime_classification_by_class,tree_volatility_plus_topology,simple_combined,3_regimes,fold_2,2,HIGH,0.5335942596216569,0.6331269349845201,0.5791150442477876,1292,2
I_J_regime_classification_by_class,lightgbm_volatility_multiscale,advanced_volatility,3_regimes,fold_2,0,LOW,0.5152439024390244,0.24492753623188407,0.3320235756385069,690,2
I_J_regime_classification_by_class,lightgbm_volatility_multiscale,advanced_volatility,3_regimes,fold_2,1,MID,0.4060657118786858,0.4577397910731244,0.4303571428571429,1053,2
I_J_regime_classification_by_class,lightgbm_volatility_multiscale,advanced_volatility,3_regimes,fold_2,2,HIGH,0.5486842105263158,0.6455108359133127,0.5931721194879089,1292,2
I_J_regime_classification_by_class,lightgbm_topology_multiscale,advanced_topology,3_regimes,fold_2,0,LOW,0.324181626187962,0.4449275362318841,0.3750763591936469,690,2
I_J_regime_classification_by_class,lightgbm_topology_multiscale,advanced_topology,3_regimes,fold_2,1,MID,0.3649025069637883,0.24881291547958215,0.29587803500846976,1053,2
I_J_regime_classification_by_class,lightgbm_topology_multiscale,advanced_topology,3_regimes,fold_2,2,HIGH,0.5043795620437956,0.5348297213622291,0.5191585274229902,1292,2
I_J_regime_classification_by_class,lightgbm_volatility_plus_topology,advanced_combined,3_regimes,fold_2,0,LOW,0.46987951807228917,0.2826086956521739,0.35294117647058826,690,2
I_J_regime_classification_by_class,lightgbm_volatility_plus_topology,advanced_combined,3_regimes,fold_2,1,MID,0.4124748490945674,0.38936372269705605,0.40058622374206154,1053,2
I_J_regime_classification_by_class,lightgbm_volatility_plus_topology,advanced_combined,3_regimes,fold_2,2,HIGH,0.5535055350553506,0.6965944272445821,0.6168608636052091,1292,2
I_J_regime_classification_by_class,dummy_most_frequent,dummy,5_extreme_4_5,fold_2,0,EXTREME_LOW,0.0,0.0,0.0,59,2
I_J_regime_classification_by_class,dummy_most_frequent,dummy,5_extreme_4_5,fold_2,1,LOW,0.2257001647446458,1.0,0.3682795698924731,685,2
I_J_regime_classification_by_class,dummy_most_frequent,dummy,5_extreme_4_5,fold_2,2,MID,0.0,0.0,0.0,948,2
I_J_regime_classification_by_class,dummy_most_frequent,dummy,5_extreme_4_5,fold_2,3,HIGH,0.0,0.0,0.0,1199,2
I_J_regime_classification_by_class,dummy_most_frequent,dummy,5_extreme_4_5,fold_2,4,EXTREME_HIGH,0.0,0.0,0.0,144,2
I_J_regime_classification_by_class,tree_volatility,simple_volatility,5_extreme_4_5,fold_2,0,EXTREME_LOW,0.0,0.0,0.0,59,2
I_J_regime_classification_by_class,tree_volatility,simple_volatility,5_extreme_4_5,fold_2,1,LOW,0.3212045169385194,0.37372262773722625,0.34547908232118757,685,2
I_J_regime_classification_by_class,tree_volatility,simple_volatility,5_extreme_4_5,fold_2,2,MID,0.33617021276595743,0.25,0.2867513611615245,948,2
I_J_regime_classification_by_class,tree_volatility,simple_volatility,5_extreme_4_5,fold_2,3,HIGH,0.4840182648401826,0.6188490408673895,0.5431918008784773,1199,2
I_J_regime_classification_by_class,tree_volatility,simple_volatility,5_extreme_4_5,fold_2,4,EXTREME_HIGH,0.0,0.0,0.0,144,2
I_J_regime_classification_by_class,tree_topology,simple_topology,5_extreme_4_5,fold_2,0,EXTREME_LOW,0.0,0.0,0.0,59,2
I_J_regime_classification_by_class,tree_topology,simple_topology,5_extreme_4_5,fold_2,1,LOW,0.2774244833068362,0.5094890510948905,0.35923829130211016,685,2
I_J_regime_classification_by_class,tree_topology,simple_topology,5_extreme_4_5,fold_2,2,MID,0.34146341463414637,0.04430379746835443,0.0784313725490196,948,2
I_J_regime_classification_by_class,tree_topology,simple_topology,5_extreme_4_5,fold_2,3,HIGH,0.4528415961305925,0.6246872393661385,0.5250613389414651,1199,2
I_J_regime_classification_by_class,tree_topology,simple_topology,5_extreme_4_5,fold_2,4,EXTREME_HIGH,0.0,0.0,0.0,144,2
I_J_regime_classification_by_class,tree_volatility_plus_topology,simple_combined,5_extreme_4_5,fold_2,0,EXTREME_LOW,0.0,0.0,0.0,59,2
I_J_regime_classification_by_class,tree_volatility_plus_topology,simple_combined,5_extreme_4_5,fold_2,1,LOW,0.3186221743810549,0.4321167883211679,0.3667905824039653,685,2
I_J_regime_classification_by_class,tree_volatility_plus_topology,simple_combined,5_extreme_4_5,fold_2,2,MID,0.3252212389380531,0.1550632911392405,0.21,948,2
I_J_regime_classification_by_class,tree_volatility_plus_topology,simple_combined,5_extreme_4_5,fold_2,3,HIGH,0.4752116082224909,0.6555462885738115,0.5509989484752892,1199,2
I_J_regime_classification_by_class,tree_volatility_plus_topology,simple_combined,5_extreme_4_5,fold_2,4,EXTREME_HIGH,0.0,0.0,0.0,144,2
I_J_regime_classification_by_class,lightgbm_volatility_multiscale,advanced_volatility,5_extreme_4_5,fold_2,0,EXTREME_LOW,0.0,0.0,0.0,59,2
I_J_regime_classification_by_class,lightgbm_volatility_multiscale,advanced_volatility,5_extreme_4_5,fold_2,1,LOW,0.45,0.24963503649635035,0.3211267605633803,685,2
I_J_regime_classification_by_class,lightgbm_volatility_multiscale,advanced_volatility,5_extreme_4_5,fold_2,2,MID,0.37948717948717947,0.39029535864978904,0.38481539261570463,948,2
I_J_regime_classification_by_class,lightgbm_volatility_multiscale,advanced_volatility,5_extreme_4_5,fold_2,3,HIGH,0.49728424864212434,0.6872393661384487,0.5770308123249299,1199,2
I_J_regime_classification_by_class,lightgbm_volatility_multiscale,advanced_volatility,5_extreme_4_5,fold_2,4,EXTREME_HIGH,0.18181818181818182,0.027777777777777776,0.04819277108433735,144,2
I_J_regime_classification_by_class,lightgbm_topology_multiscale,advanced_topology,5_extreme_4_5,fold_2,0,EXTREME_LOW,0.0,0.0,0.0,59,2
I_J_regime_classification_by_class,lightgbm_topology_multiscale,advanced_topology,5_extreme_4_5,fold_2,1,LOW,0.3174250832408435,0.41751824817518246,0.36065573770491804,685,2
I_J_regime_classification_by_class,lightgbm_topology_multiscale,advanced_topology,5_extreme_4_5,fold_2,2,MID,0.32309746328437916,0.2552742616033755,0.2852091926929876,948,2
I_J_regime_classification_by_class,lightgbm_topology_multiscale,advanced_topology,5_extreme_4_5,fold_2,3,HIGH,0.4465454545454545,0.51209341117598,0.47707847707847706,1199,2
I_J_regime_classification_by_class,lightgbm_topology_multiscale,advanced_topology,5_extreme_4_5,fold_2,4,EXTREME_HIGH,0.0,0.0,0.0,144,2
I_J_regime_classification_by_class,lightgbm_volatility_plus_topology,advanced_combined,5_extreme_4_5,fold_2,0,EXTREME_LOW,0.0,0.0,0.0,59,2
I_J_regime_classification_by_class,lightgbm_volatility_plus_topology,advanced_combined,5_extreme_4_5,fold_2,1,LOW,0.4589041095890411,0.2934306569343066,0.3579697239536955,685,2
I_J_regime_classification_by_class,lightgbm_volatility_plus_topology,advanced_combined,5_extreme_4_5,fold_2,2,MID,0.40592930444697833,0.3755274261603376,0.39013698630136984,948,2
I_J_regime_classification_by_class,lightgbm_volatility_plus_topology,advanced_combined,5_extreme_4_5,fold_2,3,HIGH,0.5008839127872716,0.7089241034195163,0.5870165745856354,1199,2
I_J_regime_classification_by_class,lightgbm_volatility_plus_topology,advanced_combined,5_extreme_4_5,fold_2,4,EXTREME_HIGH,0.047619047619047616,0.006944444444444444,0.012121212121212121,144,2
I_J_regime_classification_by_class,dummy_most_frequent,dummy,5_quintiles,fold_2,0,VERY_LOW,0.11927512355848435,1.0,0.21312923167500736,362,2
I_J_regime_classification_by_class,dummy_most_frequent,dummy,5_quintiles,fold_2,1,LOW,0.0,0.0,0.0,511,2
I_J_regime_classification_by_class,dummy_most_frequent,dummy,5_quintiles,fold_2,2,MID,0.0,0.0,0.0,629,2
I_J_regime_classification_by_class,dummy_most_frequent,dummy,5_quintiles,fold_2,3,HIGH,0.0,0.0,0.0,777,2
I_J_regime_classification_by_class,dummy_most_frequent,dummy,5_quintiles,fold_2,4,VERY_HIGH,0.0,0.0,0.0,756,2
I_J_regime_classification_by_class,tree_volatility,simple_volatility,5_quintiles,fold_2,0,VERY_LOW,0.19635627530364372,0.26795580110497236,0.2266355140186916,362,2
I_J_regime_classification_by_class,tree_volatility,simple_volatility,5_quintiles,fold_2,1,LOW,0.1736111111111111,0.04892367906066536,0.07633587786259542,511,2
I_J_regime_classification_by_class,tree_volatility,simple_volatility,5_quintiles,fold_2,2,MID,0.2216142270861833,0.2575516693163752,0.23823529411764705,629,2
I_J_regime_classification_by_class,tree_volatility,simple_volatility,5_quintiles,fold_2,3,HIGH,0.28278322925958965,0.40797940797940796,0.3340358271865121,777,2
I_J_regime_classification_by_class,tree_volatility,simple_volatility,5_quintiles,fold_2,4,VERY_HIGH,0.42752293577981654,0.3082010582010582,0.35818601076095313,756,2
I_J_regime_classification_by_class,tree_topology,simple_topology,5_quintiles,fold_2,0,VERY_LOW,0.1588702559576346,0.4972375690607735,0.2408026755852843,362,2
I_J_regime_classification_by_class,tree_topology,simple_topology,5_quintiles,fold_2,1,LOW,0.19148936170212766,0.07045009784735812,0.10300429184549356,511,2
I_J_regime_classification_by_class,tree_topology,simple_topology,5_quintiles,fold_2,2,MID,0.24390243902439024,0.09538950715421304,0.13714285714285715,629,2
I_J_regime_classification_by_class,tree_topology,simple_topology,5_quintiles,fold_2,3,HIGH,0.2768166089965398,0.10296010296010295,0.150093808630394,777,2
I_J_regime_classification_by_class,tree_topology,simple_topology,5_quintiles,fold_2,4,VERY_HIGH,0.3095843935538592,0.4828042328042328,0.3772609819121447,756,2
I_J_regime_classification_by_class,tree_volatility_plus_topology,simple_combined,5_quintiles,fold_2,0,VERY_LOW,0.19176136363636365,0.3729281767955801,0.25328330206378985,362,2
I_J_regime_classification_by_class,tree_volatility_plus_topology,simple_combined,5_quintiles,fold_2,1,LOW,0.19245283018867926,0.19960861056751467,0.19596541786743515,511,2
I_J_regime_classification_by_class,tree_volatility_plus_topology,simple_combined,5_quintiles,fold_2,2,MID,0.2126865671641791,0.09062003179650238,0.12709030100334448,629,2
I_J_regime_classification_by_class,tree_volatility_plus_topology,simple_combined,5_quintiles,fold_2,3,HIGH,0.28643724696356276,0.3642213642213642,0.3206798866855524,777,2
I_J_regime_classification_by_class,tree_volatility_plus_topology,simple_combined,5_quintiles,fold_2,4,VERY_HIGH,0.42752293577981654,0.3082010582010582,0.35818601076095313,756,2
I_J_regime_classification_by_class,lightgbm_volatility_multiscale,advanced_volatility,5_quintiles,fold_2,0,VERY_LOW,0.30392156862745096,0.1712707182320442,0.21908127208480566,362,2
I_J_regime_classification_by_class,lightgbm_volatility_multiscale,advanced_volatility,5_quintiles,fold_2,1,LOW,0.2727272727272727,0.14677103718199608,0.19083969465648856,511,2
I_J_regime_classification_by_class,lightgbm_volatility_multiscale,advanced_volatility,5_quintiles,fold_2,2,MID,0.27489481065918653,0.31160572337042924,0.29210134128166915,629,2
I_J_regime_classification_by_class,lightgbm_volatility_multiscale,advanced_volatility,5_quintiles,fold_2,3,HIGH,0.28761514841351077,0.36164736164736166,0.3204104903078677,777,2
I_J_regime_classification_by_class,lightgbm_volatility_multiscale,advanced_volatility,5_quintiles,fold_2,4,VERY_HIGH,0.40993071593533487,0.4695767195767196,0.43773119605425403,756,2
I_J_regime_classification_by_class,lightgbm_topology_multiscale,advanced_topology,5_quintiles,fold_2,0,VERY_LOW,0.1761744966442953,0.2900552486187845,0.21920668058455114,362,2
I_J_regime_classification_by_class,lightgbm_topology_multiscale,advanced_topology,5_quintiles,fold_2,1,LOW,0.17136659436008678,0.15459882583170254,0.16255144032921812,511,2
I_J_regime_classification_by_class,lightgbm_topology_multiscale,advanced_topology,5_quintiles,fold_2,2,MID,0.20135746606334842,0.14149443561208266,0.16619981325863678,629,2
I_J_regime_classification_by_class,lightgbm_topology_multiscale,advanced_topology,5_quintiles,fold_2,3,HIGH,0.2913816689466484,0.27413127413127414,0.28249336870026526,777,2
I_J_regime_classification_by_class,lightgbm_topology_multiscale,advanced_topology,5_quintiles,fold_2,4,VERY_HIGH,0.33540372670807456,0.35714285714285715,0.34593209481101855,756,2
I_J_regime_classification_by_class,lightgbm_volatility_plus_topology,advanced_combined,5_quintiles,fold_2,0,VERY_LOW,0.3145539906103286,0.1850828729281768,0.23304347826086957,362,2
I_J_regime_classification_by_class,lightgbm_volatility_plus_topology,advanced_combined,5_quintiles,fold_2,1,LOW,0.25069637883008355,0.1761252446183953,0.20689655172413793,511,2
I_J_regime_classification_by_class,lightgbm_volatility_plus_topology,advanced_combined,5_quintiles,fold_2,2,MID,0.24087591240875914,0.20985691573926868,0.22429906542056074,629,2
I_J_regime_classification_by_class,lightgbm_volatility_plus_topology,advanced_combined,5_quintiles,fold_2,3,HIGH,0.2857142857142857,0.3732303732303732,0.3236607142857143,777,2
I_J_regime_classification_by_class,lightgbm_volatility_plus_topology,advanced_combined,5_quintiles,fold_2,4,VERY_HIGH,0.39111111111111113,0.4656084656084656,0.4251207729468599,756,2
I_J_regime_classification_by_class,dummy_most_frequent,dummy,3_regimes,fold_3,0,LOW,0.28665568369028005,1.0,0.44558258642765686,870,3
I_J_regime_classification_by_class,dummy_most_frequent,dummy,3_regimes,fold_3,1,MID,0.0,0.0,0.0,1137,3
I_J_regime_classification_by_class,dummy_most_frequent,dummy,3_regimes,fold_3,2,HIGH,0.0,0.0,0.0,1028,3
I_J_regime_classification_by_class,tree_volatility,simple_volatility,3_regimes,fold_3,0,LOW,0.3488168273444347,0.4574712643678161,0.3958229736449528,870,3
I_J_regime_classification_by_class,tree_volatility,simple_volatility,3_regimes,fold_3,1,MID,0.371900826446281,0.158311345646438,0.22208513263417642,1137,3
I_J_regime_classification_by_class,tree_volatility,simple_volatility,3_regimes,fold_3,2,HIGH,0.40070921985815605,0.5496108949416343,0.4634946677604594,1028,3
I_J_regime_classification_by_class,tree_topology,simple_topology,3_regimes,fold_3,0,LOW,0.31353135313531355,0.4367816091954023,0.36503362151777136,870,3
I_J_regime_classification_by_class,tree_topology,simple_topology,3_regimes,fold_3,1,MID,0.4088669950738916,0.07299912049252419,0.12388059701492538,1137,3
I_J_regime_classification_by_class,tree_topology,simple_topology,3_regimes,fold_3,2,HIGH,0.35802469135802467,0.5642023346303502,0.4380664652567976,1028,3
I_J_regime_classification_by_class,tree_volatility_plus_topology,simple_combined,3_regimes,fold_3,0,LOW,0.3639417693169093,0.3735632183908046,0.368689733408962,870,3
I_J_regime_classification_by_class,tree_volatility_plus_topology,simple_combined,3_regimes,fold_3,1,MID,0.3825242718446602,0.3465259454705365,0.36363636363636365,1137,3
I_J_regime_classification_by_class,tree_volatility_plus_topology,simple_combined,3_regimes,fold_3,2,HIGH,0.42356115107913667,0.4581712062256809,0.44018691588785047,1028,3
I_J_regime_classification_by_class,lightgbm_volatility_multiscale,advanced_volatility,3_regimes,fold_3,0,LOW,0.500875656742557,0.32873563218390806,0.3969465648854962,870,3
I_J_regime_classification_by_class,lightgbm_volatility_multiscale,advanced_volatility,3_regimes,fold_3,1,MID,0.4033552151714077,0.48636763412489004,0.4409888357256778,1137,3
I_J_regime_classification_by_class,lightgbm_volatility_multiscale,advanced_volatility,3_regimes,fold_3,2,HIGH,0.47118023787740165,0.5009727626459144,0.4856199905704856,1028,3
I_J_regime_classification_by_class,lightgbm_topology_multiscale,advanced_topology,3_regimes,fold_3,0,LOW,0.2987927565392354,0.3413793103448276,0.3186695278969957,870,3
I_J_regime_classification_by_class,lightgbm_topology_multiscale,advanced_topology,3_regimes,fold_3,1,MID,0.4251968503937008,0.3324538258575198,0.37314906219151034,1137,3
I_J_regime_classification_by_class,lightgbm_topology_multiscale,advanced_topology,3_regimes,fold_3,2,HIGH,0.3932291666666667,0.4406614785992218,0.41559633027522935,1028,3
I_J_regime_classification_by_class,lightgbm_volatility_plus_topology,advanced_combined,3_regimes,fold_3,0,LOW,0.4667630057803468,0.37126436781609196,0.41357234314980795,870,3
I_J_regime_classification_by_class,lightgbm_volatility_plus_topology,advanced_combined,3_regimes,fold_3,1,MID,0.41214057507987223,0.45382585751978893,0.43197990791125995,1137,3
I_J_regime_classification_by_class,lightgbm_volatility_plus_topology,advanced_combined,3_regimes,fold_3,2,HIGH,0.4931255728689276,0.5233463035019456,0.5077866918357716,1028,3
I_J_regime_classification_by_class,dummy_most_frequent,dummy,5_extreme_4_5,fold_3,0,EXTREME_LOW,0.0,0.0,0.0,95,3
I_J_regime_classification_by_class,dummy_most_frequent,dummy,5_extreme_4_5,fold_3,1,LOW,0.2698517298187809,1.0,0.42501297353399065,819,3
I_J_regime_classification_by_class,dummy_most_frequent,dummy,5_extreme_4_5,fold_3,2,MID,0.0,0.0,0.0,1041,3
I_J_regime_classification_by_class,dummy_most_frequent,dummy,5_extreme_4_5,fold_3,3,HIGH,0.0,0.0,0.0,1011,3
I_J_regime_classification_by_class,dummy_most_frequent,dummy,5_extreme_4_5,fold_3,4,EXTREME_HIGH,0.0,0.0,0.0,69,3
I_J_regime_classification_by_class,tree_volatility,simple_volatility,5_extreme_4_5,fold_3,0,EXTREME_LOW,0.0,0.0,0.0,95,3
I_J_regime_classification_by_class,tree_volatility,simple_volatility,5_extreme_4_5,fold_3,1,LOW,0.31645569620253167,0.57997557997558,0.40948275862068967,819,3
I_J_regime_classification_by_class,tree_volatility,simple_volatility,5_extreme_4_5,fold_3,2,MID,0.3790322580645161,0.04514889529298751,0.08068669527896996,1041,3
I_J_regime_classification_by_class,tree_volatility,simple_volatility,5_extreme_4_5,fold_3,3,HIGH,0.38865248226950355,0.5420375865479723,0.4527054935976869,1011,3
I_J_regime_classification_by_class,tree_volatility,simple_volatility,5_extreme_4_5,fold_3,4,EXTREME_HIGH,0.0,0.0,0.0,69,3
I_J_regime_classification_by_class,tree_topology,simple_topology,5_extreme_4_5,fold_3,0,EXTREME_LOW,0.0,0.0,0.0,95,3
I_J_regime_classification_by_class,tree_topology,simple_topology,5_extreme_4_5,fold_3,1,LOW,0.29233105542900534,0.4700854700854701,0.3604868913857678,819,3
I_J_regime_classification_by_class,tree_topology,simple_topology,5_extreme_4_5,fold_3,2,MID,0.3917525773195876,0.03650336215177714,0.06678383128295255,1041,3
I_J_regime_classification_by_class,tree_topology,simple_topology,5_extreme_4_5,fold_3,3,HIGH,0.34855027760641577,0.5588526211671613,0.42933130699088146,1011,3
I_J_regime_classification_by_class,tree_topology,simple_topology,5_extreme_4_5,fold_3,4,EXTREME_HIGH,0.0,0.0,0.0,69,3
I_J_regime_classification_by_class,tree_volatility_plus_topology,simple_combined,5_extreme_4_5,fold_3,0,EXTREME_LOW,0.0,0.0,0.0,95,3
I_J_regime_classification_by_class,tree_volatility_plus_topology,simple_combined,5_extreme_4_5,fold_3,1,LOW,0.32736318407960197,0.4017094017094017,0.3607456140350877,819,3
I_J_regime_classification_by_class,tree_volatility_plus_topology,simple_combined,5_extreme_4_5,fold_3,2,MID,0.35074626865671643,0.3160422670509126,0.3324911571500758,1041,3
I_J_regime_classification_by_class,tree_volatility_plus_topology,simple_combined,5_extreme_4_5,fold_3,3,HIGH,0.41025641025641024,0.4431256181998022,0.42605801236329055,1011,3
I_J_regime_classification_by_class,tree_volatility_plus_topology,simple_combined,5_extreme_4_5,fold_3,4,EXTREME_HIGH,0.0,0.0,0.0,69,3
I_J_regime_classification_by_class,lightgbm_volatility_multiscale,advanced_volatility,5_extreme_4_5,fold_3,0,EXTREME_LOW,0.0,0.0,0.0,95,3
I_J_regime_classification_by_class,lightgbm_volatility_multiscale,advanced_volatility,5_extreme_4_5,fold_3,1,LOW,0.4283464566929134,0.3321123321123321,0.3741403026134801,819,3
I_J_regime_classification_by_class,lightgbm_volatility_multiscale,advanced_volatility,5_extreme_4_5,fold_3,2,MID,0.38581314878892736,0.42843419788664744,0.4060081929904415,1041,3
I_J_regime_classification_by_class,lightgbm_volatility_multiscale,advanced_volatility,5_extreme_4_5,fold_3,3,HIGH,0.45432497978981407,0.5558852621167161,0.5,1011,3
I_J_regime_classification_by_class,lightgbm_volatility_multiscale,advanced_volatility,5_extreme_4_5,fold_3,4,EXTREME_HIGH,0.0,0.0,0.0,69,3
I_J_regime_classification_by_class,lightgbm_topology_multiscale,advanced_topology,5_extreme_4_5,fold_3,0,EXTREME_LOW,0.0,0.0,0.0,95,3
I_J_regime_classification_by_class,lightgbm_topology_multiscale,advanced_topology,5_extreme_4_5,fold_3,1,LOW,0.27900287631831255,0.3553113553113553,0.3125671321160043,819,3
I_J_regime_classification_by_class,lightgbm_topology_multiscale,advanced_topology,5_extreme_4_5,fold_3,2,MID,0.36480186480186483,0.30067243035542746,0.32964718272775145,1041,3
I_J_regime_classification_by_class,lightgbm_topology_multiscale,advanced_topology,5_extreme_4_5,fold_3,3,HIGH,0.3608617594254937,0.39762611275964393,0.3783529411764706,1011,3
I_J_regime_classification_by_class,lightgbm_topology_multiscale,advanced_topology,5_extreme_4_5,fold_3,4,EXTREME_HIGH,0.08333333333333333,0.014492753623188406,0.024691358024691357,69,3
I_J_regime_classification_by_class,lightgbm_volatility_plus_topology,advanced_combined,5_extreme_4_5,fold_3,0,EXTREME_LOW,0.0,0.0,0.0,95,3
I_J_regime_classification_by_class,lightgbm_volatility_plus_topology,advanced_combined,5_extreme_4_5,fold_3,1,LOW,0.3945578231292517,0.3540903540903541,0.3732303732303732,819,3
I_J_regime_classification_by_class,lightgbm_volatility_plus_topology,advanced_combined,5_extreme_4_5,fold_3,2,MID,0.3851224105461394,0.3928914505283381,0.38896814075130764,1041,3
I_J_regime_classification_by_class,lightgbm_volatility_plus_topology,advanced_combined,5_extreme_4_5,fold_3,3,HIGH,0.45978878960194963,0.559841740850643,0.5049063336306869,1011,3
I_J_regime_classification_by_class,lightgbm_volatility_plus_topology,advanced_combined,5_extreme_4_5,fold_3,4,EXTREME_HIGH,0.0,0.0,0.0,69,3
I_J_regime_classification_by_class,dummy_most_frequent,dummy,5_quintiles,fold_3,0,VERY_LOW,0.15617792421746293,1.0,0.2701624394414363,474,3
I_J_regime_classification_by_class,dummy_most_frequent,dummy,5_quintiles,fold_3,1,LOW,0.0,0.0,0.0,618,3
I_J_regime_classification_by_class,dummy_most_frequent,dummy,5_quintiles,fold_3,2,MID,0.0,0.0,0.0,673,3
I_J_regime_classification_by_class,dummy_most_frequent,dummy,5_quintiles,fold_3,3,HIGH,0.0,0.0,0.0,725,3
I_J_regime_classification_by_class,dummy_most_frequent,dummy,5_quintiles,fold_3,4,VERY_HIGH,0.0,0.0,0.0,545,3
I_J_regime_classification_by_class,tree_volatility,simple_volatility,5_quintiles,fold_3,0,VERY_LOW,0.2052689352360044,0.39451476793248946,0.2700361010830325,474,3
I_J_regime_classification_by_class,tree_volatility,simple_volatility,5_quintiles,fold_3,1,LOW,0.19292604501607716,0.1941747572815534,0.1935483870967742,618,3
I_J_regime_classification_by_class,tree_volatility,simple_volatility,5_quintiles,fold_3,2,MID,0.0,0.0,0.0,673,3
I_J_regime_classification_by_class,tree_volatility,simple_volatility,5_quintiles,fold_3,3,HIGH,0.2585301837270341,0.2717241379310345,0.2649630127774042,725,3
I_J_regime_classification_by_class,tree_volatility,simple_volatility,5_quintiles,fold_3,4,VERY_HIGH,0.2581081081081081,0.3504587155963303,0.2972762645914397,545,3
I_J_regime_classification_by_class,tree_topology,simple_topology,5_quintiles,fold_3,0,VERY_LOW,0.1803411860276198,0.46835443037974683,0.26041055718475076,474,3
I_J_regime_classification_by_class,tree_topology,simple_topology,5_quintiles,fold_3,1,LOW,0.16974169741697417,0.0744336569579288,0.10348706411698538,618,3
I_J_regime_classification_by_class,tree_topology,simple_topology,5_quintiles,fold_3,2,MID,0.0,0.0,0.0,673,3
I_J_regime_classification_by_class,tree_topology,simple_topology,5_quintiles,fold_3,3,HIGH,0.23225806451612904,0.1986206896551724,0.21412639405204462,725,3
I_J_regime_classification_by_class,tree_topology,simple_topology,5_quintiles,fold_3,4,VERY_HIGH,0.22015334063526834,0.3688073394495413,0.2757201646090535,545,3
I_J_regime_classification_by_class,tree_volatility_plus_topology,simple_combined,5_quintiles,fold_3,0,VERY_LOW,0.21770334928229665,0.19198312236286919,0.2040358744394619,474,3
I_J_regime_classification_by_class,tree_volatility_plus_topology,simple_combined,5_quintiles,fold_3,1,LOW,0.22943722943722944,0.25728155339805825,0.2425629290617849,618,3
I_J_regime_classification_by_class,tree_volatility_plus_topology,simple_combined,5_quintiles,fold_3,2,MID,0.22251308900523561,0.1263001485884101,0.16113744075829384,673,3
I_J_regime_classification_by_class,tree_volatility_plus_topology,simple_combined,5_quintiles,fold_3,3,HIGH,0.25679012345679014,0.2868965517241379,0.2710097719869707,725,3
I_J_regime_classification_by_class,tree_volatility_plus_topology,simple_combined,5_quintiles,fold_3,4,VERY_HIGH,0.2568306010928962,0.344954128440367,0.29444009397024273,545,3
I_J_regime_classification_by_class,lightgbm_volatility_multiscale,advanced_volatility,5_quintiles,fold_3,0,VERY_LOW,0.3629032258064516,0.189873417721519,0.24930747922437674,474,3
I_J_regime_classification_by_class,lightgbm_volatility_multiscale,advanced_volatility,5_quintiles,fold_3,1,LOW,0.27798507462686567,0.24110032362459546,0.2582322357019064,618,3
I_J_regime_classification_by_class,lightgbm_volatility_multiscale,advanced_volatility,5_quintiles,fold_3,2,MID,0.23670886075949368,0.27786032689450224,0.2556390977443609,673,3
I_J_regime_classification_by_class,lightgbm_volatility_multiscale,advanced_volatility,5_quintiles,fold_3,3,HIGH,0.28210526315789475,0.3696551724137931,0.32,725,3
I_J_regime_classification_by_class,lightgbm_volatility_multiscale,advanced_volatility,5_quintiles,fold_3,4,VERY_HIGH,0.30528375733855184,0.28623853211009176,0.29545454545454547,545,3
I_J_regime_classification_by_class,lightgbm_topology_multiscale,advanced_topology,5_quintiles,fold_3,0,VERY_LOW,0.172782874617737,0.23839662447257384,0.20035460992907803,474,3
I_J_regime_classification_by_class,lightgbm_topology_multiscale,advanced_topology,5_quintiles,fold_3,1,LOW,0.23640167364016737,0.18284789644012944,0.2062043795620438,618,3
I_J_regime_classification_by_class,lightgbm_topology_multiscale,advanced_topology,5_quintiles,fold_3,2,MID,0.25225225225225223,0.20802377414561665,0.2280130293159609,673,3
I_J_regime_classification_by_class,lightgbm_topology_multiscale,advanced_topology,5_quintiles,fold_3,3,HIGH,0.23221476510067113,0.2386206896551724,0.23537414965986395,725,3
I_J_regime_classification_by_class,lightgbm_topology_multiscale,advanced_topology,5_quintiles,fold_3,4,VERY_HIGH,0.21724709784411278,0.24036697247706423,0.22822299651567945,545,3
I_J_regime_classification_by_class,lightgbm_volatility_plus_topology,advanced_combined,5_quintiles,fold_3,0,VERY_LOW,0.3036529680365297,0.2805907172995781,0.2916666666666667,474,3
I_J_regime_classification_by_class,lightgbm_volatility_plus_topology,advanced_combined,5_quintiles,fold_3,1,LOW,0.273542600896861,0.19741100323624594,0.22932330827067668,618,3
I_J_regime_classification_by_class,lightgbm_volatility_plus_topology,advanced_combined,5_quintiles,fold_3,2,MID,0.23575949367088608,0.2213967310549777,0.22835249042145594,673,3
I_J_regime_classification_by_class,lightgbm_volatility_plus_topology,advanced_combined,5_quintiles,fold_3,3,HIGH,0.26834170854271355,0.3682758620689655,0.31046511627906975,725,3
I_J_regime_classification_by_class,lightgbm_volatility_plus_topology,advanced_combined,5_quintiles,fold_3,4,VERY_HIGH,0.3148854961832061,0.30275229357798167,0.3086997193638915,545,3
I_J_regime_classification_by_class,dummy_most_frequent,dummy,3_regimes,fold_4,0,LOW,0.4072487644151565,1.0,0.5787871692811988,1236,4
I_J_regime_classification_by_class,dummy_most_frequent,dummy,3_regimes,fold_4,1,MID,0.0,0.0,0.0,1104,4
I_J_regime_classification_by_class,dummy_most_frequent,dummy,3_regimes,fold_4,2,HIGH,0.0,0.0,0.0,695,4
I_J_regime_classification_by_class,tree_volatility,simple_volatility,3_regimes,fold_4,0,LOW,0.4829210836277974,0.6634304207119741,0.5589638718473074,1236,4
I_J_regime_classification_by_class,tree_volatility,simple_volatility,3_regimes,fold_4,1,MID,0.3804100227790433,0.151268115942029,0.21646143875567078,1104,4
I_J_regime_classification_by_class,tree_volatility,simple_volatility,3_regimes,fold_4,2,HIGH,0.3775055679287305,0.48776978417266187,0.4256120527306968,695,4
I_J_regime_classification_by_class,tree_topology,simple_topology,3_regimes,fold_4,0,LOW,0.4416718652526513,0.5728155339805825,0.4987671715392744,1236,4
I_J_regime_classification_by_class,tree_topology,simple_topology,3_regimes,fold_4,1,MID,0.3781190019193858,0.17844202898550723,0.24246153846153845,1104,4
I_J_regime_classification_by_class,tree_topology,simple_topology,3_regimes,fold_4,2,HIGH,0.2711306256860593,0.3553956834532374,0.30759651307596514,695,4
I_J_regime_classification_by_class,tree_volatility_plus_topology,simple_combined,3_regimes,fold_4,0,LOW,0.4773730684326711,0.6998381877022654,0.5675853018372703,1236,4
I_J_regime_classification_by_class,tree_volatility_plus_topology,simple_combined,3_regimes,fold_4,1,MID,0.3458980044345898,0.14130434782608695,0.20064308681672025,1104,4
I_J_regime_classification_by_class,tree_volatility_plus_topology,simple_combined,3_regimes,fold_4,2,HIGH,0.38212435233160624,0.4244604316546763,0.4021813224267212,695,4
I_J_regime_classification_by_class,lightgbm_volatility_multiscale,advanced_volatility,3_regimes,fold_4,0,LOW,0.5609555189456342,0.5509708737864077,0.5559183673469388,1236,4
I_J_regime_classification_by_class,lightgbm_volatility_multiscale,advanced_volatility,3_regimes,fold_4,1,MID,0.4194690265486726,0.42934782608695654,0.4243509400179051,1104,4
I_J_regime_classification_by_class,lightgbm_volatility_multiscale,advanced_volatility,3_regimes,fold_4,2,HIGH,0.447178002894356,0.4446043165467626,0.4458874458874459,695,4
I_J_regime_classification_by_class,lightgbm_topology_multiscale,advanced_topology,3_regimes,fold_4,0,LOW,0.4631490787269682,0.44741100323624594,0.4551440329218107,1236,4
I_J_regime_classification_by_class,lightgbm_topology_multiscale,advanced_topology,3_regimes,fold_4,1,MID,0.3871319520174482,0.32155797101449274,0.351311232063335,1104,4
I_J_regime_classification_by_class,lightgbm_topology_multiscale,advanced_topology,3_regimes,fold_4,2,HIGH,0.2943722943722944,0.39136690647482014,0.33600988264360715,695,4
I_J_regime_classification_by_class,lightgbm_volatility_plus_topology,advanced_combined,3_regimes,fold_4,0,LOW,0.5590800951625694,0.5703883495145631,0.5646776131357629,1236,4
I_J_regime_classification_by_class,lightgbm_volatility_plus_topology,advanced_combined,3_regimes,fold_4,1,MID,0.43151969981238275,0.4166666666666667,0.423963133640553,1104,4
I_J_regime_classification_by_class,lightgbm_volatility_plus_topology,advanced_combined,3_regimes,fold_4,2,HIGH,0.4548022598870056,0.4633093525179856,0.45901639344262296,695,4
I_J_regime_classification_by_class,dummy_most_frequent,dummy,5_extreme_4_5,fold_4,0,EXTREME_LOW,0.0,0.0,0.0,178,4
I_J_regime_classification_by_class,dummy_most_frequent,dummy,5_extreme_4_5,fold_4,1,LOW,0.3657331136738056,1.0,0.5355850422195416,1110,4
I_J_regime_classification_by_class,dummy_most_frequent,dummy,5_extreme_4_5,fold_4,2,MID,0.0,0.0,0.0,1024,4
I_J_regime_classification_by_class,dummy_most_frequent,dummy,5_extreme_4_5,fold_4,3,HIGH,0.0,0.0,0.0,661,4
I_J_regime_classification_by_class,dummy_most_frequent,dummy,5_extreme_4_5,fold_4,4,EXTREME_HIGH,0.0,0.0,0.0,62,4
I_J_regime_classification_by_class,tree_volatility,simple_volatility,5_extreme_4_5,fold_4,0,EXTREME_LOW,0.0,0.0,0.0,178,4
I_J_regime_classification_by_class,tree_volatility,simple_volatility,5_extreme_4_5,fold_4,1,LOW,0.4184845005740528,0.6567567567567567,0.5112201963534362,1110,4
I_J_regime_classification_by_class,tree_volatility,simple_volatility,5_extreme_4_5,fold_4,2,MID,0.3191489361702128,0.0439453125,0.07725321888412018,1024,4
I_J_regime_classification_by_class,tree_volatility,simple_volatility,5_extreme_4_5,fold_4,3,HIGH,0.3237847222222222,0.5642965204236006,0.4114726971869829,661,4
I_J_regime_classification_by_class,tree_volatility,simple_volatility,5_extreme_4_5,fold_4,4,EXTREME_HIGH,0.0,0.0,0.0,62,4
I_J_regime_classification_by_class,tree_topology,simple_topology,5_extreme_4_5,fold_4,0,EXTREME_LOW,0.0,0.0,0.0,178,4
I_J_regime_classification_by_class,tree_topology,simple_topology,5_extreme_4_5,fold_4,1,LOW,0.3898916967509025,0.4864864864864865,0.43286573146292584,1110,4
I_J_regime_classification_by_class,tree_topology,simple_topology,5_extreme_4_5,fold_4,2,MID,0.34199726402188785,0.244140625,0.2849002849002849,1024,4
I_J_regime_classification_by_class,tree_topology,simple_topology,5_extreme_4_5,fold_4,3,HIGH,0.2600652883569097,0.3615733736762481,0.30253164556962026,661,4
I_J_regime_classification_by_class,tree_topology,simple_topology,5_extreme_4_5,fold_4,4,EXTREME_HIGH,0.0,0.0,0.0,62,4
I_J_regime_classification_by_class,tree_volatility_plus_topology,simple_combined,5_extreme_4_5,fold_4,0,EXTREME_LOW,0.0,0.0,0.0,178,4
I_J_regime_classification_by_class,tree_volatility_plus_topology,simple_combined,5_extreme_4_5,fold_4,1,LOW,0.4364694471387003,0.40540540540540543,0.42036431574030825,1110,4
I_J_regime_classification_by_class,tree_volatility_plus_topology,simple_combined,5_extreme_4_5,fold_4,2,MID,0.3587140439932318,0.4140625,0.3844061650045331,1024,4
I_J_regime_classification_by_class,tree_volatility_plus_topology,simple_combined,5_extreme_4_5,fold_4,3,HIGH,0.34793187347931875,0.43267776096822996,0.3857046527309508,661,4
I_J_regime_classification_by_class,tree_volatility_plus_topology,simple_combined,5_extreme_4_5,fold_4,4,EXTREME_HIGH,0.0,0.0,0.0,62,4
I_J_regime_classification_by_class,lightgbm_volatility_multiscale,advanced_volatility,5_extreme_4_5,fold_4,0,EXTREME_LOW,0.16666666666666666,0.0056179775280898875,0.010869565217391304,178,4
I_J_regime_classification_by_class,lightgbm_volatility_multiscale,advanced_volatility,5_extreme_4_5,fold_4,1,LOW,0.46141975308641975,0.5387387387387388,0.4970906068162926,1110,4
I_J_regime_classification_by_class,lightgbm_volatility_multiscale,advanced_volatility,5_extreme_4_5,fold_4,2,MID,0.40139442231075695,0.3935546875,0.3974358974358974,1024,4
I_J_regime_classification_by_class,lightgbm_volatility_multiscale,advanced_volatility,5_extreme_4_5,fold_4,3,HIGH,0.4027586206896552,0.44175491679273826,0.4213564213564214,661,4
I_J_regime_classification_by_class,lightgbm_volatility_multiscale,advanced_volatility,5_extreme_4_5,fold_4,4,EXTREME_HIGH,0.25,0.016129032258064516,0.030303030303030304,62,4
I_J_regime_classification_by_class,lightgbm_topology_multiscale,advanced_topology,5_extreme_4_5,fold_4,0,EXTREME_LOW,0.08333333333333333,0.0056179775280898875,0.010526315789473684,178,4
I_J_regime_classification_by_class,lightgbm_topology_multiscale,advanced_topology,5_extreme_4_5,fold_4,1,LOW,0.397934868943606,0.45135135135135135,0.42296327564373154,1110,4
I_J_regime_classification_by_class,lightgbm_topology_multiscale,advanced_topology,5_extreme_4_5,fold_4,2,MID,0.362962962962963,0.287109375,0.32061068702290074,1024,4
I_J_regime_classification_by_class,lightgbm_topology_multiscale,advanced_topology,5_extreme_4_5,fold_4,3,HIGH,0.2762605042016807,0.3978819969742814,0.32610043397396155,661,4
I_J_regime_classification_by_class,lightgbm_topology_multiscale,advanced_topology,5_extreme_4_5,fold_4,4,EXTREME_HIGH,0.0,0.0,0.0,62,4
I_J_regime_classification_by_class,lightgbm_volatility_plus_topology,advanced_combined,5_extreme_4_5,fold_4,0,EXTREME_LOW,0.2857142857142857,0.02247191011235955,0.041666666666666664,178,4
I_J_regime_classification_by_class,lightgbm_volatility_plus_topology,advanced_combined,5_extreme_4_5,fold_4,1,LOW,0.4637247569184742,0.5585585585585585,0.5067429505516959,1110,4
I_J_regime_classification_by_class,lightgbm_volatility_plus_topology,advanced_combined,5_extreme_4_5,fold_4,2,MID,0.3941048034934498,0.3525390625,0.37216494845360826,1024,4
I_J_regime_classification_by_class,lightgbm_volatility_plus_topology,advanced_combined,5_extreme_4_5,fold_4,3,HIGH,0.3892529488859764,0.4493192133131619,0.41713483146067415,661,4
I_J_regime_classification_by_class,lightgbm_volatility_plus_topology,advanced_combined,5_extreme_4_5,fold_4,4,EXTREME_HIGH,0.2,0.016129032258064516,0.029850746268656716,62,4
I_J_regime_classification_by_class,dummy_most_frequent,dummy,5_quintiles,fold_4,0,VERY_LOW,0.24975288303130147,1.0,0.39968362773530186,758,4
I_J_regime_classification_by_class,dummy_most_frequent,dummy,5_quintiles,fold_4,1,LOW,0.0,0.0,0.0,729,4
I_J_regime_classification_by_class,dummy_most_frequent,dummy,5_quintiles,fold_4,2,MID,0.0,0.0,0.0,676,4
I_J_regime_classification_by_class,dummy_most_frequent,dummy,5_quintiles,fold_4,3,HIGH,0.0,0.0,0.0,502,4
I_J_regime_classification_by_class,dummy_most_frequent,dummy,5_quintiles,fold_4,4,VERY_HIGH,0.0,0.0,0.0,370,4
I_J_regime_classification_by_class,tree_volatility,simple_volatility,5_quintiles,fold_4,0,VERY_LOW,0.34723336006415395,0.5712401055408971,0.4319201995012469,758,4
I_J_regime_classification_by_class,tree_volatility,simple_volatility,5_quintiles,fold_4,1,LOW,0.2700636942675159,0.2908093278463649,0.2800528401585205,729,4
I_J_regime_classification_by_class,tree_volatility,simple_volatility,5_quintiles,fold_4,2,MID,0.0,0.0,0.0,676,4
I_J_regime_classification_by_class,tree_volatility,simple_volatility,5_quintiles,fold_4,3,HIGH,0.20042643923240938,0.18725099601593626,0.19361483007209063,502,4
I_J_regime_classification_by_class,tree_volatility,simple_volatility,5_quintiles,fold_4,4,VERY_HIGH,0.27153558052434457,0.3918918918918919,0.32079646017699115,370,4
I_J_regime_classification_by_class,tree_topology,simple_topology,5_quintiles,fold_4,0,VERY_LOW,0.29508196721311475,0.5224274406332454,0.37714285714285717,758,4
I_J_regime_classification_by_class,tree_topology,simple_topology,5_quintiles,fold_4,1,LOW,0.0,0.0,0.0,729,4
I_J_regime_classification_by_class,tree_topology,simple_topology,5_quintiles,fold_4,2,MID,0.23404255319148937,0.16272189349112426,0.19197207678883071,676,4
I_J_regime_classification_by_class,tree_topology,simple_topology,5_quintiles,fold_4,3,HIGH,0.1574279379157428,0.14143426294820718,0.14900314795383002,502,4
I_J_regime_classification_by_class,tree_topology,simple_topology,5_quintiles,fold_4,4,VERY_HIGH,0.16191709844559585,0.33783783783783783,0.21891418563922943,370,4
I_J_regime_classification_by_class,tree_volatility_plus_topology,simple_combined,5_quintiles,fold_4,0,VERY_LOW,0.32842686292548295,0.470976253298153,0.38699186991869916,758,4
I_J_regime_classification_by_class,tree_volatility_plus_topology,simple_combined,5_quintiles,fold_4,1,LOW,0.24752475247524752,0.27434842249657065,0.26024723487312945,729,4
I_J_regime_classification_by_class,tree_volatility_plus_topology,simple_combined,5_quintiles,fold_4,2,MID,0.0,0.0,0.0,676,4
I_J_regime_classification_by_class,tree_volatility_plus_topology,simple_combined,5_quintiles,fold_4,3,HIGH,0.17491166077738515,0.19721115537848605,0.1853932584269663,502,4
I_J_regime_classification_by_class,tree_volatility_plus_topology,simple_combined,5_quintiles,fold_4,4,VERY_HIGH,0.2665505226480836,0.4135135135135135,0.3241525423728814,370,4
I_J_regime_classification_by_class,lightgbm_volatility_multiscale,advanced_volatility,5_quintiles,fold_4,0,VERY_LOW,0.4487678339818418,0.45646437994722955,0.4525833878351864,758,4
I_J_regime_classification_by_class,lightgbm_volatility_multiscale,advanced_volatility,5_quintiles,fold_4,1,LOW,0.2768817204301075,0.2825788751714678,0.27970128988458925,729,4
I_J_regime_classification_by_class,lightgbm_volatility_multiscale,advanced_volatility,5_quintiles,fold_4,2,MID,0.27070063694267515,0.2514792899408284,0.2607361963190184,676,4
I_J_regime_classification_by_class,lightgbm_volatility_multiscale,advanced_volatility,5_quintiles,fold_4,3,HIGH,0.23247232472324722,0.250996015936255,0.2413793103448276,502,4
I_J_regime_classification_by_class,lightgbm_volatility_multiscale,advanced_volatility,5_quintiles,fold_4,4,VERY_HIGH,0.33714285714285713,0.31891891891891894,0.3277777777777778,370,4
I_J_regime_classification_by_class,lightgbm_topology_multiscale,advanced_topology,5_quintiles,fold_4,0,VERY_LOW,0.2792452830188679,0.2928759894459103,0.2858982614294913,758,4
I_J_regime_classification_by_class,lightgbm_topology_multiscale,advanced_topology,5_quintiles,fold_4,1,LOW,0.24444444444444444,0.2112482853223594,0.22663723325974983,729,4
I_J_regime_classification_by_class,lightgbm_topology_multiscale,advanced_topology,5_quintiles,fold_4,2,MID,0.25375939849624063,0.1997041420118343,0.22350993377483444,676,4
I_J_regime_classification_by_class,lightgbm_topology_multiscale,advanced_topology,5_quintiles,fold_4,3,HIGH,0.18080357142857142,0.16135458167330677,0.1705263157894737,502,4
I_J_regime_classification_by_class,lightgbm_topology_multiscale,advanced_topology,5_quintiles,fold_4,4,VERY_HIGH,0.1746031746031746,0.2972972972972973,0.22,370,4
I_J_regime_classification_by_class,lightgbm_volatility_plus_topology,advanced_combined,5_quintiles,fold_4,0,VERY_LOW,0.42760487144790255,0.41688654353562005,0.42217768871075484,758,4
I_J_regime_classification_by_class,lightgbm_volatility_plus_topology,advanced_combined,5_quintiles,fold_4,1,LOW,0.2792452830188679,0.3045267489711934,0.29133858267716534,729,4
I_J_regime_classification_by_class,lightgbm_volatility_plus_topology,advanced_combined,5_quintiles,fold_4,2,MID,0.2638888888888889,0.22485207100591717,0.24281150159744408,676,4
I_J_regime_classification_by_class,lightgbm_volatility_plus_topology,advanced_combined,5_quintiles,fold_4,3,HIGH,0.24202626641651032,0.25697211155378485,0.2492753623188406,502,4
I_J_regime_classification_by_class,lightgbm_volatility_plus_topology,advanced_combined,5_quintiles,fold_4,4,VERY_HIGH,0.3112244897959184,0.32972972972972975,0.32020997375328086,370,4
I_J_regime_classification_by_class,dummy_most_frequent,dummy,3_regimes,fold_5,0,LOW,0.0,0.0,0.0,1401,5
I_J_regime_classification_by_class,dummy_most_frequent,dummy,3_regimes,fold_5,1,MID,0.0,0.0,0.0,1067,5
I_J_regime_classification_by_class,dummy_most_frequent,dummy,3_regimes,fold_5,2,HIGH,0.18682042833607906,1.0,0.31482509716823986,567,5
I_J_regime_classification_by_class,tree_volatility,simple_volatility,3_regimes,fold_5,0,LOW,0.5601965601965602,0.6509635974304069,0.6021789369428855,1401,5
I_J_regime_classification_by_class,tree_volatility,simple_volatility,3_regimes,fold_5,1,MID,0.4019746121297602,0.26710402999062793,0.32094594594594594,1067,5
I_J_regime_classification_by_class,tree_volatility,simple_volatility,3_regimes,fold_5,2,HIGH,0.3022922636103152,0.37213403880070545,0.33359683794466405,567,5
I_J_regime_classification_by_class,tree_topology,simple_topology,3_regimes,fold_5,0,LOW,0.5114770459081837,0.7316202712348323,0.6020558002936858,1401,5
I_J_regime_classification_by_class,tree_topology,simple_topology,3_regimes,fold_5,1,MID,0.3585746102449889,0.15089034676663543,0.21240105540897097,1067,5
I_J_regime_classification_by_class,tree_topology,simple_topology,3_regimes,fold_5,2,HIGH,0.3006872852233677,0.30864197530864196,0.30461270670147955,567,5
I_J_regime_classification_by_class,tree_volatility_plus_topology,simple_combined,3_regimes,fold_5,0,LOW,0.5708154506437768,0.569593147751606,0.5702036441586281,1401,5
I_J_regime_classification_by_class,tree_volatility_plus_topology,simple_combined,3_regimes,fold_5,1,MID,0.3930635838150289,0.3823805060918463,0.38764845605700715,1067,5
I_J_regime_classification_by_class,tree_volatility_plus_topology,simple_combined,3_regimes,fold_5,2,HIGH,0.32554257095158595,0.3439153439153439,0.3344768439108062,567,5
I_J_regime_classification_by_class,lightgbm_volatility_multiscale,advanced_volatility,3_regimes,fold_5,0,LOW,0.5860250494396836,0.6345467523197716,0.6093214530500343,1401,5
I_J_regime_classification_by_class,lightgbm_volatility_multiscale,advanced_volatility,3_regimes,fold_5,1,MID,0.40273972602739727,0.4133083411433927,0.40795559666975023,1067,5
I_J_regime_classification_by_class,lightgbm_volatility_multiscale,advanced_volatility,3_regimes,fold_5,2,HIGH,0.3971631205673759,0.2962962962962963,0.3393939393939394,567,5
I_J_regime_classification_by_class,lightgbm_topology_multiscale,advanced_topology,3_regimes,fold_5,0,LOW,0.5260115606936416,0.7794432548179872,0.6281276962899051,1401,5
I_J_regime_classification_by_class,lightgbm_topology_multiscale,advanced_topology,3_regimes,fold_5,1,MID,0.42244897959183675,0.19400187441424555,0.2658959537572254,1067,5
I_J_regime_classification_by_class,lightgbm_topology_multiscale,advanced_topology,3_regimes,fold_5,2,HIGH,0.2899786780383795,0.23985890652557318,0.2625482625482625,567,5
I_J_regime_classification_by_class,lightgbm_volatility_plus_topology,advanced_combined,3_regimes,fold_5,0,LOW,0.5856389986824769,0.6345467523197716,0.6091127098321343,1401,5
I_J_regime_classification_by_class,lightgbm_volatility_plus_topology,advanced_combined,3_regimes,fold_5,1,MID,0.39326923076923076,0.38331771321462044,0.3882297104888467,1067,5
I_J_regime_classification_by_class,lightgbm_volatility_plus_topology,advanced_combined,3_regimes,fold_5,2,HIGH,0.37945492662473795,0.31922398589065254,0.34674329501915707,567,5
I_J_regime_classification_by_class,dummy_most_frequent,dummy,5_extreme_4_5,fold_5,0,EXTREME_LOW,0.0,0.0,0.0,201,5
I_J_regime_classification_by_class,dummy_most_frequent,dummy,5_extreme_4_5,fold_5,1,LOW,0.4121911037891269,1.0,0.5837610825944937,1251,5
I_J_regime_classification_by_class,dummy_most_frequent,dummy,5_extreme_4_5,fold_5,2,MID,0.0,0.0,0.0,976,5
I_J_regime_classification_by_class,dummy_most_frequent,dummy,5_extreme_4_5,fold_5,3,HIGH,0.0,0.0,0.0,572,5
I_J_regime_classification_by_class,dummy_most_frequent,dummy,5_extreme_4_5,fold_5,4,EXTREME_HIGH,0.0,0.0,0.0,35,5
I_J_regime_classification_by_class,tree_volatility,simple_volatility,5_extreme_4_5,fold_5,0,EXTREME_LOW,0.0,0.0,0.0,201,5
I_J_regime_classification_by_class,tree_volatility,simple_volatility,5_extreme_4_5,fold_5,1,LOW,0.4657534246575342,0.6794564348521183,0.552665799739922,1251,5
I_J_regime_classification_by_class,tree_volatility,simple_volatility,5_extreme_4_5,fold_5,2,MID,0.353887399463807,0.13524590163934427,0.19570051890289103,976,5
I_J_regime_classification_by_class,tree_volatility,simple_volatility,5_extreme_4_5,fold_5,3,HIGH,0.2819593787335723,0.4125874125874126,0.33498935415188075,572,5
I_J_regime_classification_by_class,tree_volatility,simple_volatility,5_extreme_4_5,fold_5,4,EXTREME_HIGH,0.0,0.0,0.0,35,5
I_J_regime_classification_by_class,tree_topology,simple_topology,5_extreme_4_5,fold_5,0,EXTREME_LOW,0.0,0.0,0.0,201,5
I_J_regime_classification_by_class,tree_topology,simple_topology,5_extreme_4_5,fold_5,1,LOW,0.4489247311827957,0.8009592326139089,0.5753660637381568,1251,5
I_J_regime_classification_by_class,tree_topology,simple_topology,5_extreme_4_5,fold_5,2,MID,0.3033175355450237,0.06557377049180328,0.10783487784330244,976,5
I_J_regime_classification_by_class,tree_topology,simple_topology,5_extreme_4_5,fold_5,3,HIGH,0.2989864864864865,0.3094405594405594,0.30412371134020616,572,5
I_J_regime_classification_by_class,tree_topology,simple_topology,5_extreme_4_5,fold_5,4,EXTREME_HIGH,0.0,0.0,0.0,35,5
I_J_regime_classification_by_class,tree_volatility_plus_topology,simple_combined,5_extreme_4_5,fold_5,0,EXTREME_LOW,0.0,0.0,0.0,201,5
I_J_regime_classification_by_class,tree_volatility_plus_topology,simple_combined,5_extreme_4_5,fold_5,1,LOW,0.4769874476987448,0.6378896882494005,0.5458276333789329,1251,5
I_J_regime_classification_by_class,tree_volatility_plus_topology,simple_combined,5_extreme_4_5,fold_5,2,MID,0.3628691983122363,0.26434426229508196,0.3058684054534677,976,5
I_J_regime_classification_by_class,tree_volatility_plus_topology,simple_combined,5_extreme_4_5,fold_5,3,HIGH,0.31797235023041476,0.3618881118881119,0.3385118560915781,572,5
I_J_regime_classification_by_class,tree_volatility_plus_topology,simple_combined,5_extreme_4_5,fold_5,4,EXTREME_HIGH,0.0,0.0,0.0,35,5
I_J_regime_classification_by_class,lightgbm_volatility_multiscale,advanced_volatility,5_extreme_4_5,fold_5,0,EXTREME_LOW,0.09090909090909091,0.004975124378109453,0.009433962264150943,201,5
I_J_regime_classification_by_class,lightgbm_volatility_multiscale,advanced_volatility,5_extreme_4_5,fold_5,1,LOW,0.49530369442705074,0.6322941646682654,0.5554775280898876,1251,5
I_J_regime_classification_by_class,lightgbm_volatility_multiscale,advanced_volatility,5_extreme_4_5,fold_5,2,MID,0.3655685441020191,0.3524590163934426,0.3588941053729786,976,5
I_J_regime_classification_by_class,lightgbm_volatility_multiscale,advanced_volatility,5_extreme_4_5,fold_5,3,HIGH,0.36024844720496896,0.3041958041958042,0.3298578199052133,572,5
I_J_regime_classification_by_class,lightgbm_volatility_multiscale,advanced_volatility,5_extreme_4_5,fold_5,4,EXTREME_HIGH,0.0,0.0,0.0,35,5
I_J_regime_classification_by_class,lightgbm_topology_multiscale,advanced_topology,5_extreme_4_5,fold_5,0,EXTREME_LOW,0.08,0.029850746268656716,0.043478260869565216,201,5
I_J_regime_classification_by_class,lightgbm_topology_multiscale,advanced_topology,5_extreme_4_5,fold_5,1,LOW,0.4567332309267793,0.7130295763389288,0.5568039950062422,1251,5
I_J_regime_classification_by_class,lightgbm_topology_multiscale,advanced_topology,5_extreme_4_5,fold_5,2,MID,0.36088709677419356,0.1834016393442623,0.24320652173913043,976,5
I_J_regime_classification_by_class,lightgbm_topology_multiscale,advanced_topology,5_extreme_4_5,fold_5,3,HIGH,0.30332681017612523,0.270979020979021,0.28624192059095105,572,5
I_J_regime_classification_by_class,lightgbm_topology_multiscale,advanced_topology,5_extreme_4_5,fold_5,4,EXTREME_HIGH,0.0,0.0,0.0,35,5
I_J_regime_classification_by_class,lightgbm_volatility_plus_topology,advanced_combined,5_extreme_4_5,fold_5,0,EXTREME_LOW,0.15151515151515152,0.024875621890547265,0.042735042735042736,201,5
I_J_regime_classification_by_class,lightgbm_volatility_plus_topology,advanced_combined,5_extreme_4_5,fold_5,1,LOW,0.4956030150753769,0.6306954436450839,0.5550474850510024,1251,5
I_J_regime_classification_by_class,lightgbm_volatility_plus_topology,advanced_combined,5_extreme_4_5,fold_5,2,MID,0.3933102652825836,0.34938524590163933,0.3700488334237656,976,5
I_J_regime_classification_by_class,lightgbm_volatility_plus_topology,advanced_combined,5_extreme_4_5,fold_5,3,HIGH,0.36279926335174956,0.34440559440559443,0.35336322869955156,572,5
I_J_regime_classification_by_class,lightgbm_volatility_plus_topology,advanced_combined,5_extreme_4_5,fold_5,4,EXTREME_HIGH,0.0,0.0,0.0,35,5
I_J_regime_classification_by_class,dummy_most_frequent,dummy,5_quintiles,fold_5,0,VERY_LOW,0.2889621087314662,1.0,0.4483640081799591,877,5
I_J_regime_classification_by_class,dummy_most_frequent,dummy,5_quintiles,fold_5,1,LOW,0.0,0.0,0.0,758,5
I_J_regime_classification_by_class,dummy_most_frequent,dummy,5_quintiles,fold_5,2,MID,0.0,0.0,0.0,634,5
I_J_regime_classification_by_class,dummy_most_frequent,dummy,5_quintiles,fold_5,3,HIGH,0.0,0.0,0.0,507,5
I_J_regime_classification_by_class,dummy_most_frequent,dummy,5_quintiles,fold_5,4,VERY_HIGH,0.0,0.0,0.0,259,5
I_J_regime_classification_by_class,tree_volatility,simple_volatility,5_quintiles,fold_5,0,VERY_LOW,0.37209302325581395,0.6202964652223489,0.46515604959384355,877,5
I_J_regime_classification_by_class,tree_volatility,simple_volatility,5_quintiles,fold_5,1,LOW,0.2608695652173913,0.2532981530343008,0.2570281124497992,758,5
I_J_regime_classification_by_class,tree_volatility,simple_volatility,5_quintiles,fold_5,2,MID,0.0,0.0,0.0,634,5
I_J_regime_classification_by_class,tree_volatility,simple_volatility,5_quintiles,fold_5,3,HIGH,0.220873786407767,0.1794871794871795,0.19804134929270947,507,5
I_J_regime_classification_by_class,tree_volatility,simple_volatility,5_quintiles,fold_5,4,VERY_HIGH,0.2023529411764706,0.33204633204633205,0.25146198830409355,259,5
I_J_regime_classification_by_class,tree_topology,simple_topology,5_quintiles,fold_5,0,VERY_LOW,0.32962138084632514,0.6750285062713797,0.44294799850355404,877,5
I_J_regime_classification_by_class,tree_topology,simple_topology,5_quintiles,fold_5,1,LOW,0.21755725190839695,0.07519788918205805,0.11176470588235295,758,5
I_J_regime_classification_by_class,tree_topology,simple_topology,5_quintiles,fold_5,2,MID,0.20580474934036938,0.12302839116719243,0.1539980256663376,634,5
I_J_regime_classification_by_class,tree_topology,simple_topology,5_quintiles,fold_5,3,HIGH,0.2857142857142857,0.007889546351084813,0.015355086372360844,507,5
I_J_regime_classification_by_class,tree_topology,simple_topology,5_quintiles,fold_5,4,VERY_HIGH,0.1558219178082192,0.35135135135135137,0.2158956109134045,259,5
I_J_regime_classification_by_class,tree_volatility_plus_topology,simple_combined,5_quintiles,fold_5,0,VERY_LOW,0.3744740532959327,0.6088939566704675,0.4637429439861051,877,5
I_J_regime_classification_by_class,tree_volatility_plus_topology,simple_combined,5_quintiles,fold_5,1,LOW,0.2538860103626943,0.25857519788918204,0.25620915032679736,758,5
I_J_regime_classification_by_class,tree_volatility_plus_topology,simple_combined,5_quintiles,fold_5,2,MID,0.0,0.0,0.0,634,5
I_J_regime_classification_by_class,tree_volatility_plus_topology,simple_combined,5_quintiles,fold_5,3,HIGH,0.2290249433106576,0.1992110453648915,0.21308016877637131,507,5
I_J_regime_classification_by_class,tree_volatility_plus_topology,simple_combined,5_quintiles,fold_5,4,VERY_HIGH,0.20707070707070707,0.3166023166023166,0.250381679389313,259,5
I_J_regime_classification_by_class,lightgbm_volatility_multiscale,advanced_volatility,5_quintiles,fold_5,0,VERY_LOW,0.43626062322946174,0.5267958950969214,0.4772727272727273,877,5
I_J_regime_classification_by_class,lightgbm_volatility_multiscale,advanced_volatility,5_quintiles,fold_5,1,LOW,0.28895184135977336,0.2691292875989446,0.2786885245901639,758,5
I_J_regime_classification_by_class,lightgbm_volatility_multiscale,advanced_volatility,5_quintiles,fold_5,2,MID,0.24480712166172106,0.26025236593059936,0.25229357798165136,634,5
I_J_regime_classification_by_class,lightgbm_volatility_multiscale,advanced_volatility,5_quintiles,fold_5,3,HIGH,0.2679900744416873,0.21301775147928995,0.23736263736263735,507,5
I_J_regime_classification_by_class,lightgbm_volatility_multiscale,advanced_volatility,5_quintiles,fold_5,4,VERY_HIGH,0.23316062176165803,0.17374517374517376,0.19911504424778761,259,5
I_J_regime_classification_by_class,lightgbm_topology_multiscale,advanced_topology,5_quintiles,fold_5,0,VERY_LOW,0.3384332925336597,0.6305587229190421,0.44046196734368775,877,5
I_J_regime_classification_by_class,lightgbm_topology_multiscale,advanced_topology,5_quintiles,fold_5,1,LOW,0.22817460317460317,0.1517150395778364,0.18225039619651348,758,5
I_J_regime_classification_by_class,lightgbm_topology_multiscale,advanced_topology,5_quintiles,fold_5,2,MID,0.24295774647887325,0.10883280757097792,0.1503267973856209,634,5
I_J_regime_classification_by_class,lightgbm_topology_multiscale,advanced_topology,5_quintiles,fold_5,3,HIGH,0.23863636363636365,0.1242603550295858,0.16342412451361868,507,5
I_J_regime_classification_by_class,lightgbm_topology_multiscale,advanced_topology,5_quintiles,fold_5,4,VERY_HIGH,0.17478510028653296,0.23552123552123552,0.20065789473684212,259,5
I_J_regime_classification_by_class,lightgbm_volatility_plus_topology,advanced_combined,5_quintiles,fold_5,0,VERY_LOW,0.4175824175824176,0.5632839224629419,0.4796116504854369,877,5
I_J_regime_classification_by_class,lightgbm_volatility_plus_topology,advanced_combined,5_quintiles,fold_5,1,LOW,0.27217125382262997,0.23482849604221637,0.2521246458923513,758,5
I_J_regime_classification_by_class,lightgbm_volatility_plus_topology,advanced_combined,5_quintiles,fold_5,2,MID,0.25250501002004005,0.19873817034700317,0.22241835834068843,634,5
I_J_regime_classification_by_class,lightgbm_volatility_plus_topology,advanced_combined,5_quintiles,fold_5,3,HIGH,0.2562358276643991,0.22287968441814596,0.23839662447257384,507,5
I_J_regime_classification_by_class,lightgbm_volatility_plus_topology,advanced_combined,5_quintiles,fold_5,4,VERY_HIGH,0.21705426356589147,0.21621621621621623,0.21663442940038685,259,5
