experiment,model,baseline_model,feature_set,contrast,regime_scheme,split,gain_accuracy,gain_balanced_accuracy,gain_macro_f1,gain_log_loss,relative_gain_macro_f1
K_topology_utility,tree_topology,dummy_most_frequent,simple_topology,intrinsic_simple_topology_vs_dummy,3_regimes,holdout,0.04918032786885246,0.08510997986024815,0.215009192312968,21.2409576881586,1.16811071941958
K_topology_utility,tree_volatility_plus_topology,tree_volatility,simple_combined,incremental_simple_topology,3_regimes,holdout,0.012038934426229497,0.013201933498407703,0.017275192426437713,0.004424246811774779,0.03885581024194695
K_topology_utility,lightgbm_volatility_plus_topology,lightgbm_volatility_multiscale,advanced_combined,incremental_advanced_topology,3_regimes,holdout,0.006915983606557319,0.006644627276166659,0.0038090862954209825,0.0037683156964746223,0.0075920173806449665
K_topology_utility,tree_topology,dummy_most_frequent,simple_topology,intrinsic_simple_topology_vs_dummy,5_extreme_4_5,holdout,0.045978483606557374,0.05029403163051943,0.12292326331856612,22.408878054067184,1.2059831021085539
K_topology_utility,tree_volatility_plus_topology,tree_volatility,simple_combined,incremental_simple_topology,5_extreme_4_5,holdout,0.01191086065573771,0.009174520536756325,0.009104818251689267,0.005631352898622266,0.0365018328932778
K_topology_utility,lightgbm_volatility_plus_topology,lightgbm_volatility_multiscale,advanced_combined,incremental_advanced_topology,5_extreme_4_5,holdout,0.00012807377049184332,-0.0006596956790872466,-0.003249668010315343,-0.0032187580436995322,-0.01152250421949308
K_topology_utility,tree_topology,dummy_most_frequent,simple_topology,intrinsic_simple_topology_vs_dummy,5_quintiles,holdout,0.033555327868852486,0.0565344431176778,0.11572158765742252,26.086558434929408,1.5318151853552657
K_topology_utility,tree_volatility_plus_topology,tree_volatility,simple_combined,incremental_simple_topology,5_quintiles,holdout,0.002433401639344246,0.0016607665194398602,5.056345372295157e-05,0.0020624103170081565,0.00019249431534440475
K_topology_utility,lightgbm_volatility_plus_topology,lightgbm_volatility_multiscale,advanced_combined,incremental_advanced_topology,5_quintiles,holdout,0.006403688524590168,0.006440961854914606,0.0016027061856612734,0.001238458728012315,0.00486265897893845
K_topology_utility,tree_topology,dummy_most_frequent,simple_topology,intrinsic_simple_topology_vs_dummy,3_regimes,fold_1,0.2896210873146623,0.09924151850566287,0.2927562556970478,29.853019753410205,3.5386061371753623
K_topology_utility,tree_volatility_plus_topology,tree_volatility,simple_combined,incremental_simple_topology,3_regimes,fold_1,-0.014497528830313078,0.02706364816743162,0.02209940279898337,-0.010555848864416295,0.047856443310632546
K_topology_utility,lightgbm_volatility_plus_topology,lightgbm_volatility_multiscale,advanced_combined,incremental_advanced_topology,3_regimes,fold_1,0.0023064250411861664,0.006236260557676787,-0.0013297131708984722,0.0022831964818865735,-0.0025626424189976182
K_topology_utility,tree_topology,dummy_most_frequent,simple_topology,intrinsic_simple_topology_vs_dummy,5_extreme_4_5,fold_1,0.142668863261944,0.04825757575757572,0.13705144609048137,27.32133895696717,2.0757583605787495
K_topology_utility,tree_volatility_plus_topology,tree_volatility,simple_combined,incremental_simple_topology,5_extreme_4_5,fold_1,-0.010214168039538729,0.006730303030302975,0.011559921756271463,-0.016701024505580975,0.05158439769539913
K_topology_utility,lightgbm_volatility_plus_topology,lightgbm_volatility_multiscale,advanced_combined,incremental_advanced_topology,5_extreme_4_5,fold_1,-0.008896210873146626,-4.675615212529349e-05,-0.004621388224796852,-0.06954887589557934,-0.01822298327461591
K_topology_utility,tree_topology,dummy_most_frequent,simple_topology,intrinsic_simple_topology_vs_dummy,5_quintiles,fold_1,0.15090609555189455,0.06718501980003333,0.18459352201654422,31.481740819021514,6.086396850425012
K_topology_utility,tree_volatility_plus_topology,tree_volatility,simple_combined,incremental_simple_topology,5_quintiles,fold_1,0.013838550247116999,0.009776704461300356,0.03422293982991198,-0.016307233437340196,0.14166148166005277
K_topology_utility,lightgbm_volatility_plus_topology,lightgbm_volatility_multiscale,advanced_combined,incremental_advanced_topology,5_quintiles,fold_1,-0.008896210873146626,-0.002451341645277605,-0.0032119953456044015,0.0005574256036731118,-0.00964516827244466
K_topology_utility,tree_topology,dummy_most_frequent,simple_topology,intrinsic_simple_topology_vs_dummy,3_regimes,fold_2,-0.02273476112026357,0.06296076850510679,0.1538482904662844,19.603670337900112,0.7728733198695192
K_topology_utility,tree_volatility_plus_topology,tree_volatility,simple_combined,incremental_simple_topology,3_regimes,fold_2,-0.008896210873146626,-0.011045047276931341,-0.009622690004428225,0.0007058891723352723,-0.02303940705913765
K_topology_utility,lightgbm_volatility_plus_topology,lightgbm_volatility_multiscale,advanced_combined,incremental_advanced_topology,3_regimes,fold_2,0.00658978583196046,0.006796227458496951,0.004945141944766751,0.002062884306411439,0.010944188539613542
K_topology_utility,tree_topology,dummy_most_frequent,simple_topology,intrinsic_simple_topology_vs_dummy,5_extreme_4_5,fold_2,0.1499176276771005,0.03569601758587665,0.11889028658002433,26.580818067337297,1.614130898093761
K_topology_utility,tree_volatility_plus_topology,tree_volatility,simple_combined,incremental_simple_topology,5_extreme_4_5,fold_2,-0.001976935749588127,3.093988592078878e-05,-0.009526542696386947,-0.0028271554974721447,-0.04052391700977365
K_topology_utility,lightgbm_volatility_plus_topology,lightgbm_volatility_multiscale,advanced_combined,incremental_advanced_topology,5_extreme_4_5,fold_2,0.012850082372322935,0.0059758183792478214,0.0032157520747121415,0.01086571417841875,0.012078706604009337
K_topology_utility,tree_topology,dummy_most_frequent,simple_topology,intrinsic_simple_topology_vs_dummy,5_quintiles,fold_2,0.11828665568369029,0.049768301965336104,0.15903507668823327,30.13473037817826,3.730954112637627
K_topology_utility,tree_volatility_plus_topology,tree_volatility,simple_combined,incremental_simple_topology,5_quintiles,fold_2,-0.007907742998352563,0.008993525183908113,0.004355278886935099,0.0036132861101658698,0.0176551733739716
K_topology_utility,lightgbm_volatility_plus_topology,lightgbm_volatility_multiscale,advanced_combined,incremental_advanced_topology,5_quintiles,fold_2,-0.012520593080724896,-0.010193537576774214,-0.009428682349388484,-0.00947079032357201,-0.032286381480592374
K_topology_utility,tree_topology,dummy_most_frequent,simple_topology,intrinsic_simple_topology_vs_dummy,3_regimes,fold_3,0.057001647446458026,0.024661021439425557,0.16046603245394578,24.58774676006163,1.0803790633321695
K_topology_utility,tree_volatility_plus_topology,tree_volatility,simple_combined,incremental_simple_topology,3_regimes,fold_3,0.015485996705107086,0.00428895504371124,0.030370079631195757,-0.0033345370460702295,0.08425190047667841
K_topology_utility,lightgbm_volatility_plus_topology,lightgbm_volatility_multiscale,advanced_combined,incremental_advanced_topology,3_regimes,fold_3,0.007578253706754523,0.010786833294371356,0.009927850571726682,-0.006273452681962777,0.022502686259763927
K_topology_utility,tree_topology,dummy_most_frequent,simple_topology,intrinsic_simple_topology_vs_dummy,5_extreme_4_5,fold_3,0.05568369028006587,0.013088290680881687,0.08631781122512222,24.99926280210922,1.0154726631917614
K_topology_utility,tree_volatility_plus_topology,tree_volatility,simple_combined,incremental_simple_topology,5_extreme_4_5,fold_3,0.011861614497528816,-0.0012569549712846406,0.035283967210221506,-0.007760896651335836,0.18710841402603284
K_topology_utility,lightgbm_volatility_plus_topology,lightgbm_volatility_multiscale,advanced_combined,incremental_advanced_topology,5_extreme_4_5,fold_3,-0.0049423393739703725,-0.0019216493292721348,-0.002608729598310766,-0.012591649458401744,-0.01018916792571034
K_topology_utility,tree_topology,dummy_most_frequent,simple_topology,intrinsic_simple_topology_vs_dummy,5_quintiles,fold_3,0.045799011532125206,0.022043223288477853,0.11671634810427958,28.780566516122835,2.160114269503782
K_topology_utility,tree_volatility_plus_topology,tree_volatility,simple_combined,incremental_simple_topology,5_quintiles,fold_3,0.011861614497528844,-0.0006913748455130708,0.029472468933620682,-0.008868126723019953,0.14365269124886026
K_topology_utility,lightgbm_volatility_plus_topology,lightgbm_volatility_multiscale,advanced_combined,incremental_advanced_topology,5_quintiles,fold_3,-0.004612850082372333,0.0011397668946494521,-0.0020252114246857578,-0.004823363280654247,-0.007344996451557839
K_topology_utility,tree_topology,dummy_most_frequent,simple_topology,intrinsic_simple_topology_vs_dummy,3_regimes,fold_4,-0.02767710049423394,0.0355510821397757,0.156679351265193,20.270679517397756,0.8121086277349991
K_topology_utility,tree_volatility_plus_topology,tree_volatility,simple_combined,incremental_simple_topology,3_regimes,fold_4,-0.00329489291598023,-0.01228845121454547,-0.010209217417654404,-0.005407203192053567,-0.02550099870994116
K_topology_utility,lightgbm_volatility_plus_topology,lightgbm_volatility_multiscale,advanced_combined,incremental_advanced_topology,3_regimes,fold_4,0.007578253706754523,0.008480450759696223,0.007166795655549729,0.0014441287156314875,0.015075753010753257
K_topology_utility,tree_topology,dummy_most_frequent,simple_topology,intrinsic_simple_topology_vs_dummy,5_extreme_4_5,fold_4,-0.026688632619439878,0.018440097032546898,0.09694252394265788,21.52326529431434,0.9050152291493625
K_topology_utility,tree_volatility_plus_topology,tree_volatility,simple_combined,incremental_simple_topology,5_extreme_4_5,fold_4,0.004283360790774293,-0.002570584661344355,0.03810580421025056,-0.0019314065852582551,0.19053928875155357
K_topology_utility,lightgbm_volatility_plus_topology,lightgbm_volatility_multiscale,advanced_combined,incremental_advanced_topology,5_extreme_4_5,fold_4,-0.003953871499176254,0.0006444847849025881,0.0021009244544537564,-0.0007466386107672918,0.007740746129184961
K_topology_utility,tree_topology,dummy_most_frequent,simple_topology,intrinsic_simple_topology_vs_dummy,5_quintiles,fold_4,-0.018451400329489276,0.03288428698208293,0.1074697279578891,25.433911540143125,1.3444349543016934
K_topology_utility,tree_volatility_plus_topology,tree_volatility,simple_combined,incremental_simple_topology,5_quintiles,fold_4,-0.02471169686985175,-0.017028595321673334,-0.01391988486343454,-0.0073283311601468615,-0.05675172343595236
K_topology_utility,lightgbm_volatility_plus_topology,lightgbm_volatility_multiscale,advanced_combined,incremental_advanced_topology,5_quintiles,fold_4,-0.008237232289950602,-0.00549405502369088,-0.007272970620782693,-0.0021975426263256548,-0.023278303743063833
K_topology_utility,tree_topology,dummy_most_frequent,simple_topology,intrinsic_simple_topology_vs_dummy,3_regimes,fold_5,0.26161449752883037,0.06371753110336992,0.26808148841196544,28.267218514301643,2.554575453068517
K_topology_utility,tree_volatility_plus_topology,tree_volatility,simple_combined,incremental_simple_topology,3_regimes,fold_5,-0.0023064250411861664,0.0018957771790186206,0.011869074430981952,0.008429944698262526,0.028333419167236196
K_topology_utility,lightgbm_volatility_plus_topology,lightgbm_volatility_multiscale,advanced_combined,incremental_advanced_topology,3_regimes,fold_5,-0.0062602965403624755,-0.0023543127781386897,-0.004195091257861938,-0.0022008574219738453,-0.009276585019192818
K_topology_utility,tree_topology,dummy_most_frequent,simple_topology,intrinsic_simple_topology_vs_dummy,5_extreme_4_5,fold_5,-0.002635914332784206,0.035194712509254295,0.08071271406543436,19.903670309135055,0.6913163319033806
K_topology_utility,tree_volatility_plus_topology,tree_volatility,simple_combined,incremental_simple_topology,5_extreme_4_5,fold_5,0.014827018121911062,0.00736646267074384,0.021370444425856977,0.00530688058006068,0.09863078655751356
K_topology_utility,lightgbm_volatility_plus_topology,lightgbm_volatility_multiscale,advanced_combined,incremental_advanced_topology,5_extreme_4_5,fold_5,0.007248764415156483,0.011087559241448663,0.013506234855426347,-0.004917666165329626,0.053867069450276084
K_topology_utility,tree_topology,dummy_most_frequent,simple_topology,intrinsic_simple_topology_vs_dummy,5_quintiles,fold_5,-0.018121911037891236,0.046499136864613266,0.09831948383161018,24.07790283890711,1.0964248025919585
K_topology_utility,tree_volatility_plus_topology,tree_volatility,simple_combined,incremental_simple_topology,5_quintiles,fold_5,0.0,-0.0003691226526607583,0.002345288567628251,0.007273085604112994,0.010008165864823004
K_topology_utility,lightgbm_volatility_plus_topology,lightgbm_volatility_multiscale,advanced_combined,incremental_advanced_topology,5_quintiles,fold_5,-0.005601317957166396,-0.0013987968728811362,-0.007109360572706003,-0.003266422722195461,-0.024604418175466547
